id,user_id,path,avatar,created_at
501,501,https://robohash.org/voluptasiustoet.jpg?size=50x50&set=set1,true,2023-07-14T16:04:57.072Z
502,502,https://robohash.org/quisquameavelit.jpg?size=50x50&set=set1,true,2023-07-14T16:04:57.072Z
503,503,https://robohash.org/doloribusetcorporis.jpg?size=50x50&set=set1,true,2023-07-14T16:04:57.072Z
504,504,https://robohash.org/teneturvoluptatemqui.jpg?size=50x50&set=set1,true,2023-07-14T16:04:57.072Z
505,505,https://robohash.org/animiquiaomnis.jpg?size=50x50&set=set1,true,2023-07-14T16:04:57.072Z
506,506,https://robohash.org/providentsaepedelectus.jpg?size=50x50&set=set1,true,2023-07-14T16:04:57.072Z
507,507,https://robohash.org/delenitinobisitaque.jpg?size=50x50&set=set1,true,2023-07-14T16:04:57.072Z
508,508,https://robohash.org/consequaturlaudantiummagni.jpg?size=50x50&set=set1,true,2023-07-14T16:04:57.072Z
509,509,https://robohash.org/aliquamestquo.jpg?size=50x50&set=set1,true,2023-07-14T16:04:57.072Z
510,510,https://robohash.org/evenietquiadeleniti.jpg?size=50x50&set=set1,true,2023-07-14T16:04:57.072Z
511,511,https://robohash.org/undeperspiciatisaliquid.jpg?size=50x50&set=set1,true,2023-07-14T16:04:57.072Z
512,512,https://robohash.org/remtotamalias.jpg?size=50x50&set=set1,true,2023-07-14T16:04:57.072Z
513,513,https://robohash.org/nonnesciuntexcepturi.jpg?size=50x50&set=set1,true,2023-07-14T16:04:57.072Z
514,514,https://robohash.org/voluptasnisialiquid.jpg?size=50x50&set=set1,true,2023-07-14T16:04:57.072Z
515,515,https://robohash.org/nisietvoluptas.jpg?size=50x50&set=set1,true,2023-07-14T16:04:57.072Z
516,516,https://robohash.org/etnobisreprehenderit.jpg?size=50x50&set=set1,true,2023-07-14T16:04:57.072Z
517,517,https://robohash.org/necessitatibusnihilmaxime.jpg?size=50x50&set=set1,true,2023-07-14T16:04:57.072Z
518,518,https://robohash.org/nisietanimi.jpg?size=50x50&set=set1,true,2023-07-14T16:04:57.072Z
519,519,https://robohash.org/rerumvoluptassint.jpg?size=50x50&set=set1,true,2023-07-14T16:04:57.072Z
520,520,https://robohash.org/voluptatumminimalaudantium.jpg?size=50x50&set=set1,true,2023-07-14T16:04:57.072Z
521,521,https://robohash.org/sintsitnon.jpg?size=50x50&set=set1,true,2023-07-14T16:04:57.072Z
522,522,https://robohash.org/quamnisinostrum.jpg?size=50x50&set=set1,true,2023-07-14T16:04:57.072Z
523,523,https://robohash.org/etquinatus.jpg?size=50x50&set=set1,true,2023-07-14T16:04:57.072Z
524,524,https://robohash.org/etarchitectodicta.jpg?size=50x50&set=set1,true,2023-07-14T16:04:57.072Z
525,525,https://robohash.org/autematquevoluptate.jpg?size=50x50&set=set1,true,2023-07-14T16:04:57.072Z
526,526,https://robohash.org/recusandaeinventoretemporibus.jpg?size=50x50&set=set1,true,2023-07-14T16:04:57.072Z
527,527,https://robohash.org/sequiinventoremaiores.jpg?size=50x50&set=set1,true,2023-07-14T16:04:57.072Z
528,528,https://robohash.org/voluptasmaximenecessitatibus.jpg?size=50x50&set=set1,true,2023-07-14T16:04:57.072Z
529,529,https://robohash.org/excepturivelitalias.jpg?size=50x50&set=set1,true,2023-07-14T16:04:57.072Z
530,530,https://robohash.org/fugitblanditiisnatus.jpg?size=50x50&set=set1,true,2023-07-14T16:04:57.072Z
531,531,https://robohash.org/reiciendisametquo.jpg?size=50x50&set=set1,true,2023-07-14T16:04:57.072Z
532,532,https://robohash.org/estaliascommodi.jpg?size=50x50&set=set1,true,2023-07-14T16:04:57.072Z
533,533,https://robohash.org/maioresquameius.jpg?size=50x50&set=set1,true,2023-07-14T16:04:57.072Z
534,534,https://robohash.org/possimuspariaturquae.jpg?size=50x50&set=set1,true,2023-07-14T16:04:57.072Z
535,535,https://robohash.org/autquiet.jpg?size=50x50&set=set1,true,2023-07-14T16:04:57.072Z
536,536,https://robohash.org/magnamexpeditased.jpg?size=50x50&set=set1,true,2023-07-14T16:04:57.072Z
537,537,https://robohash.org/quiapraesentiumautem.jpg?size=50x50&set=set1,true,2023-07-14T16:04:57.072Z
538,538,https://robohash.org/quideseruntfacilis.jpg?size=50x50&set=set1,true,2023-07-14T16:04:57.072Z
539,539,https://robohash.org/fugiatvoluptasfuga.jpg?size=50x50&set=set1,true,2023-07-14T16:04:57.072Z
540,540,https://robohash.org/exercitationemeligendiqui.jpg?size=50x50&set=set1,true,2023-07-14T16:04:57.072Z
541,541,https://robohash.org/etmolestiaevelit.jpg?size=50x50&set=set1,true,2023-07-14T16:04:57.072Z
542,542,https://robohash.org/sequietquaerat.jpg?size=50x50&set=set1,true,2023-07-14T16:04:57.072Z
543,543,https://robohash.org/facerevoluptaseius.jpg?size=50x50&set=set1,true,2023-07-14T16:04:57.072Z
544,544,https://robohash.org/temporibusdistinctiorerum.jpg?size=50x50&set=set1,true,2023-07-14T16:04:57.072Z
545,545,https://robohash.org/quiautaut.jpg?size=50x50&set=set1,true,2023-07-14T16:04:57.072Z
546,546,https://robohash.org/adipisciquiaratione.jpg?size=50x50&set=set1,true,2023-07-14T16:04:57.072Z
547,547,https://robohash.org/ullamsuntatque.jpg?size=50x50&set=set1,true,2023-07-14T16:04:57.072Z
548,548,https://robohash.org/commodiexplicabonobis.jpg?size=50x50&set=set1,true,2023-07-14T16:04:57.072Z
549,549,https://robohash.org/temporanonmagni.jpg?size=50x50&set=set1,true,2023-07-14T16:04:57.072Z
550,550,https://robohash.org/accusamusmolestiaereprehenderit.jpg?size=50x50&set=set1,true,2023-07-14T16:04:57.072Z
551,551,https://robohash.org/quibusdamomnisfugit.jpg?size=50x50&set=set1,true,2023-07-14T16:04:57.072Z
552,552,https://robohash.org/corruptihiceos.jpg?size=50x50&set=set1,true,2023-07-14T16:04:57.072Z
553,553,https://robohash.org/etdoloribusenim.jpg?size=50x50&set=set1,true,2023-07-14T16:04:57.072Z
554,554,https://robohash.org/ducimusquiaiste.jpg?size=50x50&set=set1,true,2023-07-14T16:04:57.072Z
555,555,https://robohash.org/sedsuscipitofficiis.jpg?size=50x50&set=set1,true,2023-07-14T16:04:57.072Z
556,556,https://robohash.org/etaliquamprovident.jpg?size=50x50&set=set1,true,2023-07-14T16:04:57.072Z
557,557,https://robohash.org/atqueoditdicta.jpg?size=50x50&set=set1,true,2023-07-14T16:04:57.072Z
558,558,https://robohash.org/nesciuntvelitqui.jpg?size=50x50&set=set1,true,2023-07-14T16:04:57.072Z
559,559,https://robohash.org/nonquibusdamrem.jpg?size=50x50&set=set1,true,2023-07-14T16:04:57.072Z
560,560,https://robohash.org/officiisinciduntminima.jpg?size=50x50&set=set1,true,2023-07-14T16:04:57.072Z
561,561,https://robohash.org/repellendusnonreprehenderit.jpg?size=50x50&set=set1,true,2023-07-14T16:04:57.072Z
562,562,https://robohash.org/eosfugaut.jpg?size=50x50&set=set1,true,2023-07-14T16:04:57.072Z
563,563,https://robohash.org/teneturdoloremqueullam.jpg?size=50x50&set=set1,true,2023-07-14T16:04:57.072Z
564,564,https://robohash.org/quodrecusandaequi.jpg?size=50x50&set=set1,true,2023-07-14T16:04:57.072Z
565,565,https://robohash.org/magniadsed.jpg?size=50x50&set=set1,true,2023-07-14T16:04:57.072Z
566,566,https://robohash.org/aliasquaerataccusantium.jpg?size=50x50&set=set1,true,2023-07-14T16:04:57.072Z
567,567,https://robohash.org/molestiaerationedolorem.jpg?size=50x50&set=set1,true,2023-07-14T16:04:57.072Z
568,568,https://robohash.org/maioresquiet.jpg?size=50x50&set=set1,true,2023-07-14T16:04:57.072Z
569,569,https://robohash.org/odioquaeratnecessitatibus.jpg?size=50x50&set=set1,true,2023-07-14T16:04:57.072Z
570,570,https://robohash.org/laborumipsamnecessitatibus.jpg?size=50x50&set=set1,true,2023-07-14T16:04:57.072Z
571,571,https://robohash.org/nisitemporibusea.jpg?size=50x50&set=set1,true,2023-07-14T16:04:57.072Z
572,572,https://robohash.org/nihilexplicabocumque.jpg?size=50x50&set=set1,true,2023-07-14T16:04:57.072Z
573,573,https://robohash.org/evenietutsed.jpg?size=50x50&set=set1,true,2023-07-14T16:04:57.072Z
574,574,https://robohash.org/numquameumet.jpg?size=50x50&set=set1,true,2023-07-14T16:04:57.072Z
575,575,https://robohash.org/quiaveniamnihil.jpg?size=50x50&set=set1,true,2023-07-14T16:04:57.072Z
576,576,https://robohash.org/sequivoluptatemaut.jpg?size=50x50&set=set1,true,2023-07-14T16:04:57.072Z
577,577,https://robohash.org/sintvoluptasvoluptates.jpg?size=50x50&set=set1,true,2023-07-14T16:04:57.072Z
578,578,https://robohash.org/etdeseruntmaxime.jpg?size=50x50&set=set1,true,2023-07-14T16:04:57.072Z
579,579,https://robohash.org/temporaestqui.jpg?size=50x50&set=set1,true,2023-07-14T16:04:57.072Z
580,580,https://robohash.org/praesentiumquasofficiis.jpg?size=50x50&set=set1,true,2023-07-14T16:04:57.072Z
581,581,https://robohash.org/nequevoluptatemeos.jpg?size=50x50&set=set1,true,2023-07-14T16:04:57.072Z
582,582,https://robohash.org/autnecessitatibusnostrum.jpg?size=50x50&set=set1,true,2023-07-14T16:04:57.072Z
583,583,https://robohash.org/illumteneturexplicabo.jpg?size=50x50&set=set1,true,2023-07-14T16:04:57.072Z
584,584,https://robohash.org/enimnihilaccusantium.jpg?size=50x50&set=set1,true,2023-07-14T16:04:57.072Z
585,585,https://robohash.org/magniofficiissed.jpg?size=50x50&set=set1,true,2023-07-14T16:04:57.072Z
586,586,https://robohash.org/utquasiut.jpg?size=50x50&set=set1,true,2023-07-14T16:04:57.072Z
587,587,https://robohash.org/nisiconsecteturet.jpg?size=50x50&set=set1,true,2023-07-14T16:04:57.072Z
588,588,https://robohash.org/molestiaevelitest.jpg?size=50x50&set=set1,true,2023-07-14T16:04:57.072Z
589,589,https://robohash.org/inventorequonihil.jpg?size=50x50&set=set1,true,2023-07-14T16:04:57.072Z
590,590,https://robohash.org/sednemovoluptate.jpg?size=50x50&set=set1,true,2023-07-14T16:04:57.072Z
591,591,https://robohash.org/ipsamquiaut.jpg?size=50x50&set=set1,true,2023-07-14T16:04:57.072Z
592,592,https://robohash.org/oditbeataeatque.jpg?size=50x50&set=set1,true,2023-07-14T16:04:57.072Z
593,593,https://robohash.org/praesentiumvoluptateasperiores.jpg?size=50x50&set=set1,true,2023-07-14T16:04:57.072Z
594,594,https://robohash.org/ametlaboriosamvoluptate.jpg?size=50x50&set=set1,true,2023-07-14T16:04:57.072Z
595,595,https://robohash.org/etremrepellat.jpg?size=50x50&set=set1,true,2023-07-14T16:04:57.072Z
596,596,https://robohash.org/ipsaeosat.jpg?size=50x50&set=set1,true,2023-07-14T16:04:57.072Z
597,597,https://robohash.org/delenitisedest.jpg?size=50x50&set=set1,true,2023-07-14T16:04:57.072Z
598,598,https://robohash.org/corporisquibusdamtenetur.jpg?size=50x50&set=set1,true,2023-07-14T16:04:57.072Z
599,599,https://robohash.org/voluptasquiadistinctio.jpg?size=50x50&set=set1,true,2023-07-14T16:04:57.072Z
600,600,https://robohash.org/illumetullam.jpg?size=50x50&set=set1,true,2023-07-14T16:04:57.072Z
601,601,https://robohash.org/possimusvoluptasrepellendus.jpg?size=50x50&set=set1,true,2023-07-14T16:04:57.072Z
602,602,https://robohash.org/rerumerrorut.jpg?size=50x50&set=set1,true,2023-07-14T16:04:57.072Z
603,603,https://robohash.org/omnisvoluptatemiste.jpg?size=50x50&set=set1,true,2023-07-14T16:04:57.072Z
604,604,https://robohash.org/quiomnisfacere.jpg?size=50x50&set=set1,true,2023-07-14T16:04:57.072Z
605,605,https://robohash.org/velsednobis.jpg?size=50x50&set=set1,true,2023-07-14T16:04:57.072Z
606,606,https://robohash.org/etimpeditvoluptatibus.jpg?size=50x50&set=set1,true,2023-07-14T16:04:57.072Z
607,607,https://robohash.org/autrepudiandaedolorem.jpg?size=50x50&set=set1,true,2023-07-14T16:04:57.072Z
608,608,https://robohash.org/perspiciatisnonsunt.jpg?size=50x50&set=set1,true,2023-07-14T16:04:57.072Z
609,609,https://robohash.org/expeditatemporibuseos.jpg?size=50x50&set=set1,true,2023-07-14T16:04:57.072Z
610,610,https://robohash.org/nesciuntvelitillo.jpg?size=50x50&set=set1,true,2023-07-14T16:04:57.072Z
611,611,https://robohash.org/animiestdeleniti.jpg?size=50x50&set=set1,true,2023-07-14T16:04:57.072Z
612,612,https://robohash.org/voluptatemipsumlibero.jpg?size=50x50&set=set1,true,2023-07-14T16:04:57.072Z
613,613,https://robohash.org/quiinventoreexercitationem.jpg?size=50x50&set=set1,true,2023-07-14T16:04:57.072Z
614,614,https://robohash.org/inventorevelomnis.jpg?size=50x50&set=set1,true,2023-07-14T16:04:57.072Z
615,615,https://robohash.org/sintexcepturihic.jpg?size=50x50&set=set1,true,2023-07-14T16:04:57.072Z
616,616,https://robohash.org/etculpaporro.jpg?size=50x50&set=set1,true,2023-07-14T16:04:57.072Z
617,617,https://robohash.org/nobisilloaut.jpg?size=50x50&set=set1,true,2023-07-14T16:04:57.072Z
618,618,https://robohash.org/doloremdoloresiure.jpg?size=50x50&set=set1,true,2023-07-14T16:04:57.072Z
619,619,https://robohash.org/explicaborepudiandaeet.jpg?size=50x50&set=set1,true,2023-07-14T16:04:57.072Z
620,620,https://robohash.org/autrepellatsit.jpg?size=50x50&set=set1,true,2023-07-14T16:04:57.072Z
621,621,https://robohash.org/atquasomnis.jpg?size=50x50&set=set1,true,2023-07-14T16:04:57.072Z
622,622,https://robohash.org/etdoloremnam.jpg?size=50x50&set=set1,true,2023-07-14T16:04:57.072Z
623,623,https://robohash.org/maioresquiainventore.jpg?size=50x50&set=set1,true,2023-07-14T16:04:57.072Z
624,624,https://robohash.org/dictafaceremolestias.jpg?size=50x50&set=set1,true,2023-07-14T16:04:57.072Z
625,625,https://robohash.org/ducimusfacerein.jpg?size=50x50&set=set1,true,2023-07-14T16:04:57.072Z
626,626,https://robohash.org/quisquamdoloresid.jpg?size=50x50&set=set1,true,2023-07-14T16:04:57.072Z
627,627,https://robohash.org/temporeomnisrecusandae.jpg?size=50x50&set=set1,true,2023-07-14T16:04:57.072Z
628,628,https://robohash.org/nemoconsecteturincidunt.jpg?size=50x50&set=set1,true,2023-07-14T16:04:57.072Z
629,629,https://robohash.org/mollitiaeligendiquis.jpg?size=50x50&set=set1,true,2023-07-14T16:04:57.072Z
630,630,https://robohash.org/quiquasidebitis.jpg?size=50x50&set=set1,true,2023-07-14T16:04:57.072Z
631,631,https://robohash.org/quiatotamquaerat.jpg?size=50x50&set=set1,true,2023-07-14T16:04:57.072Z
632,632,https://robohash.org/sitcumquepariatur.jpg?size=50x50&set=set1,true,2023-07-14T16:04:57.072Z
633,633,https://robohash.org/quianullavel.jpg?size=50x50&set=set1,true,2023-07-14T16:04:57.072Z
634,634,https://robohash.org/quifugitdolor.jpg?size=50x50&set=set1,true,2023-07-14T16:04:57.072Z
635,635,https://robohash.org/possimussimiliquesint.jpg?size=50x50&set=set1,true,2023-07-14T16:04:57.072Z
636,636,https://robohash.org/sedenimvel.jpg?size=50x50&set=set1,true,2023-07-14T16:04:57.072Z
637,637,https://robohash.org/natusestvoluptatem.jpg?size=50x50&set=set1,true,2023-07-14T16:04:57.072Z
638,638,https://robohash.org/aliquidsapientedolores.jpg?size=50x50&set=set1,true,2023-07-14T16:04:57.072Z
639,639,https://robohash.org/sedeostotam.jpg?size=50x50&set=set1,true,2023-07-14T16:04:57.072Z
640,640,https://robohash.org/fugitinciduntveniam.jpg?size=50x50&set=set1,true,2023-07-14T16:04:57.072Z
641,641,https://robohash.org/eiusautdignissimos.jpg?size=50x50&set=set1,true,2023-07-14T16:04:57.072Z
642,642,https://robohash.org/impediteaquod.jpg?size=50x50&set=set1,true,2023-07-14T16:04:57.072Z
643,643,https://robohash.org/autculpanobis.jpg?size=50x50&set=set1,true,2023-07-14T16:04:57.072Z
644,644,https://robohash.org/nesciuntnullain.jpg?size=50x50&set=set1,true,2023-07-14T16:04:57.072Z
645,645,https://robohash.org/nonexplicabomolestiae.jpg?size=50x50&set=set1,true,2023-07-14T16:04:57.072Z
646,646,https://robohash.org/optioremaspernatur.jpg?size=50x50&set=set1,true,2023-07-14T16:04:57.072Z
647,647,https://robohash.org/esseaccusamustempora.jpg?size=50x50&set=set1,true,2023-07-14T16:04:57.072Z
648,648,https://robohash.org/estquoanimi.jpg?size=50x50&set=set1,true,2023-07-14T16:04:57.072Z
649,649,https://robohash.org/asperioresautrerum.jpg?size=50x50&set=set1,true,2023-07-14T16:04:57.072Z
650,650,https://robohash.org/esseexcupiditate.jpg?size=50x50&set=set1,true,2023-07-14T16:04:57.072Z
651,651,https://robohash.org/aeaquevel.jpg?size=50x50&set=set1,true,2023-07-14T16:04:57.072Z
652,652,https://robohash.org/ipsumquaeiste.jpg?size=50x50&set=set1,true,2023-07-14T16:04:57.072Z
653,653,https://robohash.org/quasiquivoluptatem.jpg?size=50x50&set=set1,true,2023-07-14T16:04:57.072Z
654,654,https://robohash.org/utipsamalias.jpg?size=50x50&set=set1,true,2023-07-14T16:04:57.072Z
655,655,https://robohash.org/autametin.jpg?size=50x50&set=set1,true,2023-07-14T16:04:57.072Z
656,656,https://robohash.org/veniamidblanditiis.jpg?size=50x50&set=set1,true,2023-07-14T16:04:57.072Z
657,657,https://robohash.org/distinctioetreiciendis.jpg?size=50x50&set=set1,true,2023-07-14T16:04:57.072Z
658,658,https://robohash.org/autemnoniusto.jpg?size=50x50&set=set1,true,2023-07-14T16:04:57.072Z
659,659,https://robohash.org/eteosamet.jpg?size=50x50&set=set1,true,2023-07-14T16:04:57.072Z
660,660,https://robohash.org/aututexplicabo.jpg?size=50x50&set=set1,true,2023-07-14T16:04:57.072Z
661,661,https://robohash.org/voluptatemenimeos.jpg?size=50x50&set=set1,true,2023-07-14T16:04:57.072Z
662,662,https://robohash.org/hicexpeditavoluptatem.jpg?size=50x50&set=set1,true,2023-07-14T16:04:57.072Z
663,663,https://robohash.org/reruminciduntporro.jpg?size=50x50&set=set1,true,2023-07-14T16:04:57.072Z
664,664,https://robohash.org/suscipitomnisassumenda.jpg?size=50x50&set=set1,true,2023-07-14T16:04:57.072Z
665,665,https://robohash.org/quosutenim.jpg?size=50x50&set=set1,true,2023-07-14T16:04:57.072Z
666,666,https://robohash.org/nobisestnostrum.jpg?size=50x50&set=set1,true,2023-07-14T16:04:57.072Z
667,667,https://robohash.org/quasidoloreporro.jpg?size=50x50&set=set1,true,2023-07-14T16:04:57.072Z
668,668,https://robohash.org/abillonecessitatibus.jpg?size=50x50&set=set1,true,2023-07-14T16:04:57.072Z
669,669,https://robohash.org/quasetsunt.jpg?size=50x50&set=set1,true,2023-07-14T16:04:57.072Z
670,670,https://robohash.org/utautaccusamus.jpg?size=50x50&set=set1,true,2023-07-14T16:04:57.072Z
671,671,https://robohash.org/providentoccaecatitenetur.jpg?size=50x50&set=set1,true,2023-07-14T16:04:57.072Z
672,672,https://robohash.org/utmolestiaein.jpg?size=50x50&set=set1,true,2023-07-14T16:04:57.072Z
673,673,https://robohash.org/accusantiumexvero.jpg?size=50x50&set=set1,true,2023-07-14T16:04:57.072Z
674,674,https://robohash.org/illumdolorumaliquid.jpg?size=50x50&set=set1,true,2023-07-14T16:04:57.072Z
675,675,https://robohash.org/eumiureconsequatur.jpg?size=50x50&set=set1,true,2023-07-14T16:04:57.072Z
676,676,https://robohash.org/rerumfugalabore.jpg?size=50x50&set=set1,true,2023-07-14T16:04:57.072Z
677,677,https://robohash.org/consequaturmaximefuga.jpg?size=50x50&set=set1,true,2023-07-14T16:04:57.072Z
678,678,https://robohash.org/doloremnostrumautem.jpg?size=50x50&set=set1,true,2023-07-14T16:04:57.072Z
679,679,https://robohash.org/remdignissimosalias.jpg?size=50x50&set=set1,true,2023-07-14T16:04:57.072Z
680,680,https://robohash.org/rationeipsamquia.jpg?size=50x50&set=set1,true,2023-07-14T16:04:57.072Z
681,681,https://robohash.org/doloresnemosuscipit.jpg?size=50x50&set=set1,true,2023-07-14T16:04:57.072Z
682,682,https://robohash.org/sitquaeculpa.jpg?size=50x50&set=set1,true,2023-07-14T16:04:57.072Z
683,683,https://robohash.org/ipsamaccusantiumtempora.jpg?size=50x50&set=set1,true,2023-07-14T16:04:57.072Z
684,684,https://robohash.org/asperioresautinventore.jpg?size=50x50&set=set1,true,2023-07-14T16:04:57.072Z
685,685,https://robohash.org/utnisiquibusdam.jpg?size=50x50&set=set1,true,2023-07-14T16:04:57.072Z
686,686,https://robohash.org/molestiaeutsed.jpg?size=50x50&set=set1,true,2023-07-14T16:04:57.072Z
687,687,https://robohash.org/molestiaeoccaecatitempora.jpg?size=50x50&set=set1,true,2023-07-14T16:04:57.072Z
688,688,https://robohash.org/suntavoluptatem.jpg?size=50x50&set=set1,true,2023-07-14T16:04:57.072Z
689,689,https://robohash.org/sapienteevenietincidunt.jpg?size=50x50&set=set1,true,2023-07-14T16:04:57.072Z
690,690,https://robohash.org/utdistinctiovoluptatem.jpg?size=50x50&set=set1,true,2023-07-14T16:04:57.072Z
691,691,https://robohash.org/hicdolorescumque.jpg?size=50x50&set=set1,true,2023-07-14T16:04:57.072Z
692,692,https://robohash.org/magnamanimivitae.jpg?size=50x50&set=set1,true,2023-07-14T16:04:57.072Z
693,693,https://robohash.org/minusveritatisvelit.jpg?size=50x50&set=set1,true,2023-07-14T16:04:57.072Z
694,694,https://robohash.org/voluptatemesseveritatis.jpg?size=50x50&set=set1,true,2023-07-14T16:04:57.072Z
695,695,https://robohash.org/eaateos.jpg?size=50x50&set=set1,true,2023-07-14T16:04:57.072Z
696,696,https://robohash.org/laudantiumomnisbeatae.jpg?size=50x50&set=set1,true,2023-07-14T16:04:57.072Z
697,697,https://robohash.org/animialiasesse.jpg?size=50x50&set=set1,true,2023-07-14T16:04:57.072Z
698,698,https://robohash.org/etadeos.jpg?size=50x50&set=set1,true,2023-07-14T16:04:57.072Z
699,699,https://robohash.org/aututipsa.jpg?size=50x50&set=set1,true,2023-07-14T16:04:57.072Z
700,700,https://robohash.org/voluptatemetitaque.jpg?size=50x50&set=set1,true,2023-07-14T16:04:57.072Z
701,701,https://robohash.org/voluptasiustoquibusdam.jpg?size=50x50&set=set1,true,2023-07-14T16:04:57.072Z
702,702,https://robohash.org/totamquiaqui.jpg?size=50x50&set=set1,true,2023-07-14T16:04:57.072Z
703,703,https://robohash.org/undesaepevoluptas.jpg?size=50x50&set=set1,true,2023-07-14T16:04:57.072Z
704,704,https://robohash.org/animivoluptatibuserror.jpg?size=50x50&set=set1,true,2023-07-14T16:04:57.072Z
705,705,https://robohash.org/voluptatemnullanobis.jpg?size=50x50&set=set1,true,2023-07-14T16:04:57.072Z
706,706,https://robohash.org/corporisculpavoluptatem.jpg?size=50x50&set=set1,true,2023-07-14T16:04:57.072Z
707,707,https://robohash.org/inciduntaddolorem.jpg?size=50x50&set=set1,true,2023-07-14T16:04:57.072Z
708,708,https://robohash.org/maximemollitiadolor.jpg?size=50x50&set=set1,true,2023-07-14T16:04:57.072Z
709,709,https://robohash.org/nihilquoseum.jpg?size=50x50&set=set1,true,2023-07-14T16:04:57.072Z
710,710,https://robohash.org/distinctiovoluptasaut.jpg?size=50x50&set=set1,true,2023-07-14T16:04:57.072Z
711,711,https://robohash.org/velaccusamuspraesentium.jpg?size=50x50&set=set1,true,2023-07-14T16:04:57.072Z
712,712,https://robohash.org/minusmaximequi.jpg?size=50x50&set=set1,true,2023-07-14T16:04:57.072Z
713,713,https://robohash.org/idharummodi.jpg?size=50x50&set=set1,true,2023-07-14T16:04:57.072Z
714,714,https://robohash.org/rerumconsequunturlabore.jpg?size=50x50&set=set1,true,2023-07-14T16:04:57.072Z
715,715,https://robohash.org/molestiaeminimaquis.jpg?size=50x50&set=set1,true,2023-07-14T16:04:57.072Z
716,716,https://robohash.org/fugitilloodio.jpg?size=50x50&set=set1,true,2023-07-14T16:04:57.072Z
717,717,https://robohash.org/dictaaspernaturqui.jpg?size=50x50&set=set1,true,2023-07-14T16:04:57.072Z
718,718,https://robohash.org/occaecatiducimusvoluptas.jpg?size=50x50&set=set1,true,2023-07-14T16:04:57.072Z
719,719,https://robohash.org/invelitvoluptas.jpg?size=50x50&set=set1,true,2023-07-14T16:04:57.072Z
720,720,https://robohash.org/explicaboadipiscisit.jpg?size=50x50&set=set1,true,2023-07-14T16:04:57.072Z
721,721,https://robohash.org/utcorporiseum.jpg?size=50x50&set=set1,true,2023-07-14T16:04:57.072Z
722,722,https://robohash.org/consequaturrationedoloribus.jpg?size=50x50&set=set1,true,2023-07-14T16:04:57.072Z
723,723,https://robohash.org/eiussitaccusantium.jpg?size=50x50&set=set1,true,2023-07-14T16:04:57.072Z
724,724,https://robohash.org/delenitidoloressed.jpg?size=50x50&set=set1,true,2023-07-14T16:04:57.072Z
725,725,https://robohash.org/quiaautemexcepturi.jpg?size=50x50&set=set1,true,2023-07-14T16:04:57.072Z
726,726,https://robohash.org/iniustoea.jpg?size=50x50&set=set1,true,2023-07-14T16:04:57.072Z
727,727,https://robohash.org/quodipsumquisquam.jpg?size=50x50&set=set1,true,2023-07-14T16:04:57.072Z
728,728,https://robohash.org/providentadipisciquis.jpg?size=50x50&set=set1,true,2023-07-14T16:04:57.072Z
729,729,https://robohash.org/placeateaquequas.jpg?size=50x50&set=set1,true,2023-07-14T16:04:57.072Z
730,730,https://robohash.org/suntvoluptaset.jpg?size=50x50&set=set1,true,2023-07-14T16:04:57.072Z
731,731,https://robohash.org/repudiandaeautdolores.jpg?size=50x50&set=set1,true,2023-07-14T16:04:57.072Z
732,732,https://robohash.org/natusnumquamsint.jpg?size=50x50&set=set1,true,2023-07-14T16:04:57.072Z
733,733,https://robohash.org/adsitet.jpg?size=50x50&set=set1,true,2023-07-14T16:04:57.072Z
734,734,https://robohash.org/inveritatisquam.jpg?size=50x50&set=set1,true,2023-07-14T16:04:57.072Z
735,735,https://robohash.org/totamlaboreneque.jpg?size=50x50&set=set1,true,2023-07-14T16:04:57.072Z
736,736,https://robohash.org/etbeataesit.jpg?size=50x50&set=set1,true,2023-07-14T16:04:57.072Z
737,737,https://robohash.org/accusamusdoloremqueporro.jpg?size=50x50&set=set1,true,2023-07-14T16:04:57.072Z
738,738,https://robohash.org/enimfugitpariatur.jpg?size=50x50&set=set1,true,2023-07-14T16:04:57.072Z
739,739,https://robohash.org/numquamerroripsam.jpg?size=50x50&set=set1,true,2023-07-14T16:04:57.072Z
740,740,https://robohash.org/temporearatione.jpg?size=50x50&set=set1,true,2023-07-14T16:04:57.072Z
741,741,https://robohash.org/animimollitiaquis.jpg?size=50x50&set=set1,true,2023-07-14T16:04:57.072Z
742,742,https://robohash.org/impeditquiaconsequatur.jpg?size=50x50&set=set1,true,2023-07-14T16:04:57.072Z
743,743,https://robohash.org/temporibusetrerum.jpg?size=50x50&set=set1,true,2023-07-14T16:04:57.072Z
744,744,https://robohash.org/nonutaut.jpg?size=50x50&set=set1,true,2023-07-14T16:04:57.072Z
745,745,https://robohash.org/placeatautvero.jpg?size=50x50&set=set1,true,2023-07-14T16:04:57.072Z
746,746,https://robohash.org/laudantiummagnienim.jpg?size=50x50&set=set1,true,2023-07-14T16:04:57.072Z
747,747,https://robohash.org/arerumrerum.jpg?size=50x50&set=set1,true,2023-07-14T16:04:57.072Z
748,748,https://robohash.org/utquialiquid.jpg?size=50x50&set=set1,true,2023-07-14T16:04:57.072Z
749,749,https://robohash.org/teneturautquis.jpg?size=50x50&set=set1,true,2023-07-14T16:04:57.072Z
750,750,https://robohash.org/autestminus.jpg?size=50x50&set=set1,true,2023-07-14T16:04:57.072Z
751,751,https://robohash.org/ututsit.jpg?size=50x50&set=set1,true,2023-07-14T16:04:57.072Z
752,752,https://robohash.org/facilisaperiamrem.jpg?size=50x50&set=set1,true,2023-07-14T16:04:57.072Z
753,753,https://robohash.org/hicillumearum.jpg?size=50x50&set=set1,true,2023-07-14T16:04:57.072Z
754,754,https://robohash.org/doloreminciduntnumquam.jpg?size=50x50&set=set1,true,2023-07-14T16:04:57.072Z
755,755,https://robohash.org/doloribusrerumconsectetur.jpg?size=50x50&set=set1,true,2023-07-14T16:04:57.072Z
756,756,https://robohash.org/possimusdistinctioeum.jpg?size=50x50&set=set1,true,2023-07-14T16:04:57.072Z
757,757,https://robohash.org/quiaautvelit.jpg?size=50x50&set=set1,true,2023-07-14T16:04:57.072Z
758,758,https://robohash.org/dolorequaeratquis.jpg?size=50x50&set=set1,true,2023-07-14T16:04:57.072Z
759,759,https://robohash.org/nesciuntsolutaaut.jpg?size=50x50&set=set1,true,2023-07-14T16:04:57.072Z
760,760,https://robohash.org/etquidempraesentium.jpg?size=50x50&set=set1,true,2023-07-14T16:04:57.072Z
761,761,https://robohash.org/quasvelitasperiores.jpg?size=50x50&set=set1,true,2023-07-14T16:04:57.072Z
762,762,https://robohash.org/porronihilid.jpg?size=50x50&set=set1,true,2023-07-14T16:04:57.072Z
763,763,https://robohash.org/molestiaereiciendisut.jpg?size=50x50&set=set1,true,2023-07-14T16:04:57.072Z
764,764,https://robohash.org/magnamomnisad.jpg?size=50x50&set=set1,true,2023-07-14T16:04:57.072Z
765,765,https://robohash.org/optioilloeum.jpg?size=50x50&set=set1,true,2023-07-14T16:04:57.072Z
766,766,https://robohash.org/ullameaqueaut.jpg?size=50x50&set=set1,true,2023-07-14T16:04:57.072Z
767,767,https://robohash.org/eligendidoloresquasi.jpg?size=50x50&set=set1,true,2023-07-14T16:04:57.072Z
768,768,https://robohash.org/adipisciutet.jpg?size=50x50&set=set1,true,2023-07-14T16:04:57.072Z
769,769,https://robohash.org/quiquifuga.jpg?size=50x50&set=set1,true,2023-07-14T16:04:57.072Z
770,770,https://robohash.org/exconsequaturea.jpg?size=50x50&set=set1,true,2023-07-14T16:04:57.072Z
771,771,https://robohash.org/voluptatibusnemoearum.jpg?size=50x50&set=set1,true,2023-07-14T16:04:57.072Z
772,772,https://robohash.org/consequaturinasperiores.jpg?size=50x50&set=set1,true,2023-07-14T16:04:57.072Z
773,773,https://robohash.org/quiatemporibussequi.jpg?size=50x50&set=set1,true,2023-07-14T16:04:57.072Z
774,774,https://robohash.org/nesciuntdoloribusquisquam.jpg?size=50x50&set=set1,true,2023-07-14T16:04:57.072Z
775,775,https://robohash.org/corporissuntcum.jpg?size=50x50&set=set1,true,2023-07-14T16:04:57.072Z
776,776,https://robohash.org/autemvoluptatemsint.jpg?size=50x50&set=set1,true,2023-07-14T16:04:57.072Z
777,777,https://robohash.org/rationenatusautem.jpg?size=50x50&set=set1,true,2023-07-14T16:04:57.072Z
778,778,https://robohash.org/aliquidnamqui.jpg?size=50x50&set=set1,true,2023-07-14T16:04:57.072Z
779,779,https://robohash.org/erroromnisautem.jpg?size=50x50&set=set1,true,2023-07-14T16:04:57.072Z
780,780,https://robohash.org/officiaautin.jpg?size=50x50&set=set1,true,2023-07-14T16:04:57.072Z
781,781,https://robohash.org/praesentiumquodest.jpg?size=50x50&set=set1,true,2023-07-14T16:04:57.072Z
782,782,https://robohash.org/eaestid.jpg?size=50x50&set=set1,true,2023-07-14T16:04:57.072Z
783,783,https://robohash.org/deseruntquisfugit.jpg?size=50x50&set=set1,true,2023-07-14T16:04:57.072Z
784,784,https://robohash.org/eligendiquoddolorem.jpg?size=50x50&set=set1,true,2023-07-14T16:04:57.072Z
785,785,https://robohash.org/sintullamqui.jpg?size=50x50&set=set1,true,2023-07-14T16:04:57.072Z
786,786,https://robohash.org/utexpeditasunt.jpg?size=50x50&set=set1,true,2023-07-14T16:04:57.072Z
787,787,https://robohash.org/sequivoluptatesbeatae.jpg?size=50x50&set=set1,true,2023-07-14T16:04:57.072Z
788,788,https://robohash.org/ducimuseumet.jpg?size=50x50&set=set1,true,2023-07-14T16:04:57.072Z
789,789,https://robohash.org/quoquierror.jpg?size=50x50&set=set1,true,2023-07-14T16:04:57.072Z
790,790,https://robohash.org/officiisvelnesciunt.jpg?size=50x50&set=set1,true,2023-07-14T16:04:57.072Z
791,791,https://robohash.org/seddolorminus.jpg?size=50x50&set=set1,true,2023-07-14T16:04:57.072Z
792,792,https://robohash.org/aliquamvoluptasquos.jpg?size=50x50&set=set1,true,2023-07-14T16:04:57.072Z
793,793,https://robohash.org/rerumatqueeligendi.jpg?size=50x50&set=set1,true,2023-07-14T16:04:57.072Z
794,794,https://robohash.org/minussapienteimpedit.jpg?size=50x50&set=set1,true,2023-07-14T16:04:57.072Z
795,795,https://robohash.org/velautcommodi.jpg?size=50x50&set=set1,true,2023-07-14T16:04:57.072Z
796,796,https://robohash.org/ametvoluptatessed.jpg?size=50x50&set=set1,true,2023-07-14T16:04:57.072Z
797,797,https://robohash.org/cupiditateliberorerum.jpg?size=50x50&set=set1,true,2023-07-14T16:04:57.072Z
798,798,https://robohash.org/reprehenderitetperspiciatis.jpg?size=50x50&set=set1,true,2023-07-14T16:04:57.072Z
799,799,https://robohash.org/inquisquamveritatis.jpg?size=50x50&set=set1,true,2023-07-14T16:04:57.072Z
800,800,https://robohash.org/rationealiascumque.jpg?size=50x50&set=set1,true,2023-07-14T16:04:57.072Z
801,801,https://robohash.org/illosaepeearum.jpg?size=50x50&set=set1,true,2023-07-14T16:04:57.072Z
802,802,https://robohash.org/quibusdamlaudantiumdolor.jpg?size=50x50&set=set1,true,2023-07-14T16:04:57.072Z
803,803,https://robohash.org/nobispraesentiumquibusdam.jpg?size=50x50&set=set1,true,2023-07-14T16:04:57.072Z
804,804,https://robohash.org/laboriosamhicsit.jpg?size=50x50&set=set1,true,2023-07-14T16:04:57.072Z
805,805,https://robohash.org/excepturinontemporibus.jpg?size=50x50&set=set1,true,2023-07-14T16:04:57.072Z
806,806,https://robohash.org/delectusdoloribusipsum.jpg?size=50x50&set=set1,true,2023-07-14T16:04:57.072Z
807,807,https://robohash.org/doloridsimilique.jpg?size=50x50&set=set1,true,2023-07-14T16:04:57.072Z
808,808,https://robohash.org/oditquinisi.jpg?size=50x50&set=set1,true,2023-07-14T16:04:57.072Z
809,809,https://robohash.org/modiearumnostrum.jpg?size=50x50&set=set1,true,2023-07-14T16:04:57.072Z
810,810,https://robohash.org/abnamconsequatur.jpg?size=50x50&set=set1,true,2023-07-14T16:04:57.072Z
811,811,https://robohash.org/quiadignissimosaut.jpg?size=50x50&set=set1,true,2023-07-14T16:04:57.072Z
812,812,https://robohash.org/etveniamvero.jpg?size=50x50&set=set1,true,2023-07-14T16:04:57.072Z
813,813,https://robohash.org/estetet.jpg?size=50x50&set=set1,true,2023-07-14T16:04:57.072Z
814,814,https://robohash.org/fugasimiliqueut.jpg?size=50x50&set=set1,true,2023-07-14T16:04:57.072Z
815,815,https://robohash.org/blanditiisreprehenderitiste.jpg?size=50x50&set=set1,true,2023-07-14T16:04:57.072Z
816,816,https://robohash.org/etautemut.jpg?size=50x50&set=set1,true,2023-07-14T16:04:57.072Z
817,817,https://robohash.org/etvitaeexplicabo.jpg?size=50x50&set=set1,true,2023-07-14T16:04:57.072Z
818,818,https://robohash.org/anonvitae.jpg?size=50x50&set=set1,true,2023-07-14T16:04:57.072Z
819,819,https://robohash.org/errorestqui.jpg?size=50x50&set=set1,true,2023-07-14T16:04:57.072Z
820,820,https://robohash.org/autdoloret.jpg?size=50x50&set=set1,true,2023-07-14T16:04:57.072Z
821,821,https://robohash.org/etteneturenim.jpg?size=50x50&set=set1,true,2023-07-14T16:04:57.072Z
822,822,https://robohash.org/ipsapariaturvel.jpg?size=50x50&set=set1,true,2023-07-14T16:04:57.072Z
823,823,https://robohash.org/earumillumdolor.jpg?size=50x50&set=set1,true,2023-07-14T16:04:57.072Z
824,824,https://robohash.org/aliquidexpeditaipsam.jpg?size=50x50&set=set1,true,2023-07-14T16:04:57.072Z
825,825,https://robohash.org/delenitietaut.jpg?size=50x50&set=set1,true,2023-07-14T16:04:57.072Z
826,826,https://robohash.org/aspernaturomnisinventore.jpg?size=50x50&set=set1,true,2023-07-14T16:04:57.072Z
827,827,https://robohash.org/errorquasvoluptate.jpg?size=50x50&set=set1,true,2023-07-14T16:04:57.072Z
828,828,https://robohash.org/atsitfugit.jpg?size=50x50&set=set1,true,2023-07-14T16:04:57.072Z
829,829,https://robohash.org/utquamsunt.jpg?size=50x50&set=set1,true,2023-07-14T16:04:57.072Z
830,830,https://robohash.org/inciduntharumest.jpg?size=50x50&set=set1,true,2023-07-14T16:04:57.072Z
831,831,https://robohash.org/modiipsafacilis.jpg?size=50x50&set=set1,true,2023-07-14T16:04:57.072Z
832,832,https://robohash.org/estmolestiaequo.jpg?size=50x50&set=set1,true,2023-07-14T16:04:57.072Z
833,833,https://robohash.org/assumendaveniamfacilis.jpg?size=50x50&set=set1,true,2023-07-14T16:04:57.072Z
834,834,https://robohash.org/minimacorporisnon.jpg?size=50x50&set=set1,true,2023-07-14T16:04:57.072Z
835,835,https://robohash.org/assumendatemporibusaspernatur.jpg?size=50x50&set=set1,true,2023-07-14T16:04:57.072Z
836,836,https://robohash.org/nonreiciendismodi.jpg?size=50x50&set=set1,true,2023-07-14T16:04:57.072Z
837,837,https://robohash.org/molestiaevoluptatemiste.jpg?size=50x50&set=set1,true,2023-07-14T16:04:57.072Z
838,838,https://robohash.org/atnonquis.jpg?size=50x50&set=set1,true,2023-07-14T16:04:57.072Z
839,839,https://robohash.org/magnamenimdolorum.jpg?size=50x50&set=set1,true,2023-07-14T16:04:57.072Z
840,840,https://robohash.org/temporeauttenetur.jpg?size=50x50&set=set1,true,2023-07-14T16:04:57.072Z
841,841,https://robohash.org/omnisenimullam.jpg?size=50x50&set=set1,true,2023-07-14T16:04:57.072Z
842,842,https://robohash.org/sitnecessitatibusalias.jpg?size=50x50&set=set1,true,2023-07-14T16:04:57.072Z
843,843,https://robohash.org/perferendisidqui.jpg?size=50x50&set=set1,true,2023-07-14T16:04:57.072Z
844,844,https://robohash.org/ipsamnobissuscipit.jpg?size=50x50&set=set1,true,2023-07-14T16:04:57.072Z
845,845,https://robohash.org/quiaautconsectetur.jpg?size=50x50&set=set1,true,2023-07-14T16:04:57.072Z
846,846,https://robohash.org/quosperspiciatisquaerat.jpg?size=50x50&set=set1,true,2023-07-14T16:04:57.072Z
847,847,https://robohash.org/asperioresquasvoluptate.jpg?size=50x50&set=set1,true,2023-07-14T16:04:57.072Z
848,848,https://robohash.org/erroreiuset.jpg?size=50x50&set=set1,true,2023-07-14T16:04:57.072Z
849,849,https://robohash.org/suntpraesentiumest.jpg?size=50x50&set=set1,true,2023-07-14T16:04:57.072Z
850,850,https://robohash.org/reiciendisvoluptaseos.jpg?size=50x50&set=set1,true,2023-07-14T16:04:57.072Z
851,851,https://robohash.org/quiaminimamaiores.jpg?size=50x50&set=set1,true,2023-07-14T16:04:57.072Z
852,852,https://robohash.org/similiqueestet.jpg?size=50x50&set=set1,true,2023-07-14T16:04:57.072Z
853,853,https://robohash.org/utsaepevoluptas.jpg?size=50x50&set=set1,true,2023-07-14T16:04:57.072Z
854,854,https://robohash.org/impeditetsapiente.jpg?size=50x50&set=set1,true,2023-07-14T16:04:57.072Z
855,855,https://robohash.org/voluptatemesseconsequuntur.jpg?size=50x50&set=set1,true,2023-07-14T16:04:57.072Z
856,856,https://robohash.org/sequietenim.jpg?size=50x50&set=set1,true,2023-07-14T16:04:57.072Z
857,857,https://robohash.org/quamvoluptasnobis.jpg?size=50x50&set=set1,true,2023-07-14T16:04:57.072Z
858,858,https://robohash.org/quisquamveniamtotam.jpg?size=50x50&set=set1,true,2023-07-14T16:04:57.072Z
859,859,https://robohash.org/dolorerepellatqui.jpg?size=50x50&set=set1,true,2023-07-14T16:04:57.072Z
860,860,https://robohash.org/rerumeumconsequatur.jpg?size=50x50&set=set1,true,2023-07-14T16:04:57.072Z
861,861,https://robohash.org/adipiscitemporamolestias.jpg?size=50x50&set=set1,true,2023-07-14T16:04:57.072Z
862,862,https://robohash.org/omniseosnam.jpg?size=50x50&set=set1,true,2023-07-14T16:04:57.072Z
863,863,https://robohash.org/beataeautsed.jpg?size=50x50&set=set1,true,2023-07-14T16:04:57.072Z
864,864,https://robohash.org/recusandaetotamarchitecto.jpg?size=50x50&set=set1,true,2023-07-14T16:04:57.072Z
865,865,https://robohash.org/repudiandaehiccommodi.jpg?size=50x50&set=set1,true,2023-07-14T16:04:57.072Z
866,866,https://robohash.org/autemnesciuntdolor.jpg?size=50x50&set=set1,true,2023-07-14T16:04:57.072Z
867,867,https://robohash.org/totamomniset.jpg?size=50x50&set=set1,true,2023-07-14T16:04:57.072Z
868,868,https://robohash.org/itaqueimpeditomnis.jpg?size=50x50&set=set1,true,2023-07-14T16:04:57.072Z
869,869,https://robohash.org/nequeevenietmolestias.jpg?size=50x50&set=set1,true,2023-07-14T16:04:57.072Z
870,870,https://robohash.org/nonutbeatae.jpg?size=50x50&set=set1,true,2023-07-14T16:04:57.072Z
871,871,https://robohash.org/namitaqueet.jpg?size=50x50&set=set1,true,2023-07-14T16:04:57.072Z
872,872,https://robohash.org/aliasrepellatnecessitatibus.jpg?size=50x50&set=set1,true,2023-07-14T16:04:57.072Z
873,873,https://robohash.org/minushicqui.jpg?size=50x50&set=set1,true,2023-07-14T16:04:57.072Z
874,874,https://robohash.org/minusidratione.jpg?size=50x50&set=set1,true,2023-07-14T16:04:57.072Z
875,875,https://robohash.org/laudantiumquisaut.jpg?size=50x50&set=set1,true,2023-07-14T16:04:57.072Z
876,876,https://robohash.org/quidolorunde.jpg?size=50x50&set=set1,true,2023-07-14T16:04:57.072Z
877,877,https://robohash.org/expeditaarchitectotempora.jpg?size=50x50&set=set1,true,2023-07-14T16:04:57.072Z
878,878,https://robohash.org/numquamillumminus.jpg?size=50x50&set=set1,true,2023-07-14T16:04:57.072Z
879,879,https://robohash.org/consequunturrerumofficiis.jpg?size=50x50&set=set1,true,2023-07-14T16:04:57.072Z
880,880,https://robohash.org/voluptatemprovidentconsequatur.jpg?size=50x50&set=set1,true,2023-07-14T16:04:57.072Z
881,881,https://robohash.org/eumvelvoluptates.jpg?size=50x50&set=set1,true,2023-07-14T16:04:57.072Z
882,882,https://robohash.org/etsuntnon.jpg?size=50x50&set=set1,true,2023-07-14T16:04:57.072Z
883,883,https://robohash.org/suntautrepellendus.jpg?size=50x50&set=set1,true,2023-07-14T16:04:57.072Z
884,884,https://robohash.org/aspernatursedalias.jpg?size=50x50&set=set1,true,2023-07-14T16:04:57.072Z
885,885,https://robohash.org/nobisplaceatenim.jpg?size=50x50&set=set1,true,2023-07-14T16:04:57.072Z
886,886,https://robohash.org/laborepraesentiumdeleniti.jpg?size=50x50&set=set1,true,2023-07-14T16:04:57.072Z
887,887,https://robohash.org/earumvelitsit.jpg?size=50x50&set=set1,true,2023-07-14T16:04:57.072Z
888,888,https://robohash.org/eterrorcommodi.jpg?size=50x50&set=set1,true,2023-07-14T16:04:57.072Z
889,889,https://robohash.org/dictaofficiiset.jpg?size=50x50&set=set1,true,2023-07-14T16:04:57.072Z
890,890,https://robohash.org/eumvoluptatemut.jpg?size=50x50&set=set1,true,2023-07-14T16:04:57.072Z
891,891,https://robohash.org/cumliberorecusandae.jpg?size=50x50&set=set1,true,2023-07-14T16:04:57.072Z
892,892,https://robohash.org/veritatisoccaecatiet.jpg?size=50x50&set=set1,true,2023-07-14T16:04:57.072Z
893,893,https://robohash.org/eosautfacilis.jpg?size=50x50&set=set1,true,2023-07-14T16:04:57.072Z
894,894,https://robohash.org/autquisoluta.jpg?size=50x50&set=set1,true,2023-07-14T16:04:57.072Z
895,895,https://robohash.org/cumqueatut.jpg?size=50x50&set=set1,true,2023-07-14T16:04:57.072Z
896,896,https://robohash.org/estnonvoluptatibus.jpg?size=50x50&set=set1,true,2023-07-14T16:04:57.072Z
897,897,https://robohash.org/utdoloremqueinventore.jpg?size=50x50&set=set1,true,2023-07-14T16:04:57.072Z
898,898,https://robohash.org/sintnobisexplicabo.jpg?size=50x50&set=set1,true,2023-07-14T16:04:57.072Z
899,899,https://robohash.org/quirerumnemo.jpg?size=50x50&set=set1,true,2023-07-14T16:04:57.072Z
900,900,https://robohash.org/utquosvoluptate.jpg?size=50x50&set=set1,true,2023-07-14T16:04:57.072Z
901,901,https://robohash.org/utvelitlibero.jpg?size=50x50&set=set1,true,2023-07-14T16:04:57.072Z
902,902,https://robohash.org/delenitiquibusdamquidem.jpg?size=50x50&set=set1,true,2023-07-14T16:04:57.072Z
903,903,https://robohash.org/autemnonadipisci.jpg?size=50x50&set=set1,true,2023-07-14T16:04:57.072Z
904,904,https://robohash.org/praesentiumculpafacilis.jpg?size=50x50&set=set1,true,2023-07-14T16:04:57.072Z
905,905,https://robohash.org/voluptasasperioresautem.jpg?size=50x50&set=set1,true,2023-07-14T16:04:57.072Z
906,906,https://robohash.org/veroutaut.jpg?size=50x50&set=set1,true,2023-07-14T16:04:57.072Z
907,907,https://robohash.org/quiaperspiciatiseveniet.jpg?size=50x50&set=set1,true,2023-07-14T16:04:57.072Z
908,908,https://robohash.org/illonostrumexercitationem.jpg?size=50x50&set=set1,true,2023-07-14T16:04:57.072Z
909,909,https://robohash.org/nemoliberopariatur.jpg?size=50x50&set=set1,true,2023-07-14T16:04:57.072Z
910,910,https://robohash.org/voluptateminciduntsed.jpg?size=50x50&set=set1,true,2023-07-14T16:04:57.072Z
911,911,https://robohash.org/omnismolestiaequidem.jpg?size=50x50&set=set1,true,2023-07-14T16:04:57.072Z
912,912,https://robohash.org/doloremharumvitae.jpg?size=50x50&set=set1,true,2023-07-14T16:04:57.072Z
913,913,https://robohash.org/quinonquo.jpg?size=50x50&set=set1,true,2023-07-14T16:04:57.072Z
914,914,https://robohash.org/officiadoloremporro.jpg?size=50x50&set=set1,true,2023-07-14T16:04:57.072Z
915,915,https://robohash.org/quaeratcumqueratione.jpg?size=50x50&set=set1,true,2023-07-14T16:04:57.072Z
916,916,https://robohash.org/maioresquasiharum.jpg?size=50x50&set=set1,true,2023-07-14T16:04:57.072Z
917,917,https://robohash.org/assumendaetdicta.jpg?size=50x50&set=set1,true,2023-07-14T16:04:57.072Z
918,918,https://robohash.org/eiusquasivero.jpg?size=50x50&set=set1,true,2023-07-14T16:04:57.072Z
919,919,https://robohash.org/quaeratquitotam.jpg?size=50x50&set=set1,true,2023-07-14T16:04:57.072Z
920,920,https://robohash.org/etplaceatsapiente.jpg?size=50x50&set=set1,true,2023-07-14T16:04:57.072Z
921,921,https://robohash.org/voluptatemametsoluta.jpg?size=50x50&set=set1,true,2023-07-14T16:04:57.072Z
922,922,https://robohash.org/teneturfugitlaboriosam.jpg?size=50x50&set=set1,true,2023-07-14T16:04:57.072Z
923,923,https://robohash.org/autemvoluptatesvoluptas.jpg?size=50x50&set=set1,true,2023-07-14T16:04:57.072Z
924,924,https://robohash.org/quosettotam.jpg?size=50x50&set=set1,true,2023-07-14T16:04:57.072Z
925,925,https://robohash.org/nihilsapienteeum.jpg?size=50x50&set=set1,true,2023-07-14T16:04:57.072Z
926,926,https://robohash.org/eosvoluptasoccaecati.jpg?size=50x50&set=set1,true,2023-07-14T16:04:57.072Z
927,927,https://robohash.org/voluptatesexsit.jpg?size=50x50&set=set1,true,2023-07-14T16:04:57.072Z
928,928,https://robohash.org/autemquaeratid.jpg?size=50x50&set=set1,true,2023-07-14T16:04:57.072Z
929,929,https://robohash.org/velitdoloromnis.jpg?size=50x50&set=set1,true,2023-07-14T16:04:57.072Z
930,930,https://robohash.org/aliasautnon.jpg?size=50x50&set=set1,true,2023-07-14T16:04:57.072Z
931,931,https://robohash.org/autoccaecativoluptas.jpg?size=50x50&set=set1,true,2023-07-14T16:04:57.072Z
932,932,https://robohash.org/eligendinisiplaceat.jpg?size=50x50&set=set1,true,2023-07-14T16:04:57.072Z
933,933,https://robohash.org/delectusetet.jpg?size=50x50&set=set1,true,2023-07-14T16:04:57.072Z
934,934,https://robohash.org/doloresvelitvoluptatem.jpg?size=50x50&set=set1,true,2023-07-14T16:04:57.072Z
935,935,https://robohash.org/consequaturnemolaboriosam.jpg?size=50x50&set=set1,true,2023-07-14T16:04:57.072Z
936,936,https://robohash.org/voluptatemutdolorum.jpg?size=50x50&set=set1,true,2023-07-14T16:04:57.072Z
937,937,https://robohash.org/consequunturvelaut.jpg?size=50x50&set=set1,true,2023-07-14T16:04:57.072Z
938,938,https://robohash.org/oditnonlabore.jpg?size=50x50&set=set1,true,2023-07-14T16:04:57.072Z
939,939,https://robohash.org/harumaliasaliquam.jpg?size=50x50&set=set1,true,2023-07-14T16:04:57.072Z
940,940,https://robohash.org/velitidporro.jpg?size=50x50&set=set1,true,2023-07-14T16:04:57.072Z
941,941,https://robohash.org/suntestprovident.jpg?size=50x50&set=set1,true,2023-07-14T16:04:57.072Z
942,942,https://robohash.org/accusantiumtemporaoptio.jpg?size=50x50&set=set1,true,2023-07-14T16:04:57.072Z
943,943,https://robohash.org/etquisquamtotam.jpg?size=50x50&set=set1,true,2023-07-14T16:04:57.072Z
944,944,https://robohash.org/eumilloipsa.jpg?size=50x50&set=set1,true,2023-07-14T16:04:57.072Z
945,945,https://robohash.org/suscipitautnemo.jpg?size=50x50&set=set1,true,2023-07-14T16:04:57.072Z
946,946,https://robohash.org/earerumet.jpg?size=50x50&set=set1,true,2023-07-14T16:04:57.072Z
947,947,https://robohash.org/animiliberoqui.jpg?size=50x50&set=set1,true,2023-07-14T16:04:57.072Z
948,948,https://robohash.org/estipsaperspiciatis.jpg?size=50x50&set=set1,true,2023-07-14T16:04:57.072Z
949,949,https://robohash.org/autemdistinctioexpedita.jpg?size=50x50&set=set1,true,2023-07-14T16:04:57.072Z
950,950,https://robohash.org/liberoinperferendis.jpg?size=50x50&set=set1,true,2023-07-14T16:04:57.072Z
951,951,https://robohash.org/initaquevel.jpg?size=50x50&set=set1,true,2023-07-14T16:04:57.072Z
952,952,https://robohash.org/sitidad.jpg?size=50x50&set=set1,true,2023-07-14T16:04:57.072Z
953,953,https://robohash.org/etnihilnobis.jpg?size=50x50&set=set1,true,2023-07-14T16:04:57.072Z
954,954,https://robohash.org/inventoremolestiaenumquam.jpg?size=50x50&set=set1,true,2023-07-14T16:04:57.072Z
955,955,https://robohash.org/illocumquedolorem.jpg?size=50x50&set=set1,true,2023-07-14T16:04:57.072Z
956,956,https://robohash.org/voluptasquisfugiat.jpg?size=50x50&set=set1,true,2023-07-14T16:04:57.072Z
957,957,https://robohash.org/quosfaciliset.jpg?size=50x50&set=set1,true,2023-07-14T16:04:57.072Z
958,958,https://robohash.org/etetcorrupti.jpg?size=50x50&set=set1,true,2023-07-14T16:04:57.072Z
959,959,https://robohash.org/iuredolorcommodi.jpg?size=50x50&set=set1,true,2023-07-14T16:04:57.072Z
960,960,https://robohash.org/suntvoluptaset.jpg?size=50x50&set=set1,true,2023-07-14T16:04:57.072Z
961,961,https://robohash.org/quiquofugit.jpg?size=50x50&set=set1,true,2023-07-14T16:04:57.072Z
962,962,https://robohash.org/oditaccusamusquia.jpg?size=50x50&set=set1,true,2023-07-14T16:04:57.072Z
963,963,https://robohash.org/remfacilisillum.jpg?size=50x50&set=set1,true,2023-07-14T16:04:57.072Z
964,964,https://robohash.org/dignissimoscumnumquam.jpg?size=50x50&set=set1,true,2023-07-14T16:04:57.072Z
965,965,https://robohash.org/optiosinteligendi.jpg?size=50x50&set=set1,true,2023-07-14T16:04:57.072Z
966,966,https://robohash.org/remexercitationemaut.jpg?size=50x50&set=set1,true,2023-07-14T16:04:57.072Z
967,967,https://robohash.org/autemcumqui.jpg?size=50x50&set=set1,true,2023-07-14T16:04:57.072Z
968,968,https://robohash.org/veliustonobis.jpg?size=50x50&set=set1,true,2023-07-14T16:04:57.072Z
969,969,https://robohash.org/aperiamquieligendi.jpg?size=50x50&set=set1,true,2023-07-14T16:04:57.072Z
970,970,https://robohash.org/dolorquamin.jpg?size=50x50&set=set1,true,2023-07-14T16:04:57.072Z
971,971,https://robohash.org/quiaametillo.jpg?size=50x50&set=set1,true,2023-07-14T16:04:57.072Z
972,972,https://robohash.org/etteneturrepellendus.jpg?size=50x50&set=set1,true,2023-07-14T16:04:57.072Z
973,973,https://robohash.org/omnispossimuset.jpg?size=50x50&set=set1,true,2023-07-14T16:04:57.072Z
974,974,https://robohash.org/quosveliusto.jpg?size=50x50&set=set1,true,2023-07-14T16:04:57.072Z
975,975,https://robohash.org/numquamvoluptatibuscommodi.jpg?size=50x50&set=set1,true,2023-07-14T16:04:57.072Z
976,976,https://robohash.org/consequaturilloquasi.jpg?size=50x50&set=set1,true,2023-07-14T16:04:57.072Z
977,977,https://robohash.org/optioipsamexpedita.jpg?size=50x50&set=set1,true,2023-07-14T16:04:57.072Z
978,978,https://robohash.org/oditvoluptatemesse.jpg?size=50x50&set=set1,true,2023-07-14T16:04:57.072Z
979,979,https://robohash.org/commodisitinventore.jpg?size=50x50&set=set1,true,2023-07-14T16:04:57.072Z
980,980,https://robohash.org/quianimiblanditiis.jpg?size=50x50&set=set1,true,2023-07-14T16:04:57.072Z
981,981,https://robohash.org/enimutperspiciatis.jpg?size=50x50&set=set1,true,2023-07-14T16:04:57.072Z
982,982,https://robohash.org/etaliasquam.jpg?size=50x50&set=set1,true,2023-07-14T16:04:57.072Z
983,983,https://robohash.org/laboreoditfugit.jpg?size=50x50&set=set1,true,2023-07-14T16:04:57.072Z
984,984,https://robohash.org/veltemporeautem.jpg?size=50x50&set=set1,true,2023-07-14T16:04:57.072Z
985,985,https://robohash.org/quiasperioresratione.jpg?size=50x50&set=set1,true,2023-07-14T16:04:57.072Z
986,986,https://robohash.org/fugiatofficiisconsectetur.jpg?size=50x50&set=set1,true,2023-07-14T16:04:57.072Z
987,987,https://robohash.org/voluptateesseaut.jpg?size=50x50&set=set1,true,2023-07-14T16:04:57.072Z
988,988,https://robohash.org/quibusdamasperioresillum.jpg?size=50x50&set=set1,true,2023-07-14T16:04:57.072Z
989,989,https://robohash.org/perferendisautaut.jpg?size=50x50&set=set1,true,2023-07-14T16:04:57.072Z
990,990,https://robohash.org/quiadolorqui.jpg?size=50x50&set=set1,true,2023-07-14T16:04:57.072Z
991,991,https://robohash.org/aliasitaqueaut.jpg?size=50x50&set=set1,true,2023-07-14T16:04:57.072Z
992,992,https://robohash.org/eostemporaquae.jpg?size=50x50&set=set1,true,2023-07-14T16:04:57.072Z
993,993,https://robohash.org/cupiditatesequiquis.jpg?size=50x50&set=set1,true,2023-07-14T16:04:57.072Z
994,994,https://robohash.org/nullauttempore.jpg?size=50x50&set=set1,true,2023-07-14T16:04:57.072Z
995,995,https://robohash.org/suscipitrepellatodit.jpg?size=50x50&set=set1,true,2023-07-14T16:04:57.072Z
996,996,https://robohash.org/autemmaioressuscipit.jpg?size=50x50&set=set1,true,2023-07-14T16:04:57.072Z
997,997,https://robohash.org/autblanditiisvoluptatibus.jpg?size=50x50&set=set1,true,2023-07-14T16:04:57.072Z
998,998,https://robohash.org/recusandaedeseruntomnis.jpg?size=50x50&set=set1,true,2023-07-14T16:04:57.072Z
999,999,https://robohash.org/dolorumvoluptatemneque.jpg?size=50x50&set=set1,true,2023-07-14T16:04:57.072Z
1000,1000,https://robohash.org/ametdebitisquas.jpg?size=50x50&set=set1,true,2023-07-14T16:04:57.072Z
