path,avatar
https://robohash.org/molestiaeetdolor.jpg?size=50x50&set=set1,https://robohash.org/explicaboquiaminima.jpg?size=50x50&set=set1
https://robohash.org/exnihilrecusandae.jpg?size=50x50&set=set1,https://robohash.org/etporroveniam.jpg?size=50x50&set=set1
https://robohash.org/voluptasnecessitatibusdoloribus.jpg?size=50x50&set=set1,https://robohash.org/delectusperferendisqui.jpg?size=50x50&set=set1
https://robohash.org/dolorquasmollitia.jpg?size=50x50&set=set1,https://robohash.org/voluptatesametvel.jpg?size=50x50&set=set1
https://robohash.org/ullamquiplaceat.jpg?size=50x50&set=set1,https://robohash.org/nonaliquamquaerat.jpg?size=50x50&set=set1
https://robohash.org/facilismolestiaequae.jpg?size=50x50&set=set1,https://robohash.org/sintautemodit.jpg?size=50x50&set=set1
https://robohash.org/perspiciatisquasratione.jpg?size=50x50&set=set1,https://robohash.org/eosrerumcupiditate.jpg?size=50x50&set=set1
https://robohash.org/evenietfugiatquia.jpg?size=50x50&set=set1,https://robohash.org/minusveniamratione.jpg?size=50x50&set=set1
https://robohash.org/officiisautenim.jpg?size=50x50&set=set1,https://robohash.org/nesciuntsolutadoloribus.jpg?size=50x50&set=set1
https://robohash.org/molestiaererumassumenda.jpg?size=50x50&set=set1,https://robohash.org/magniminuspariatur.jpg?size=50x50&set=set1
https://robohash.org/eumfacereea.jpg?size=50x50&set=set1,https://robohash.org/quamipsacumque.jpg?size=50x50&set=set1
https://robohash.org/facilisdoloresqui.jpg?size=50x50&set=set1,https://robohash.org/fugafacilisest.jpg?size=50x50&set=set1
https://robohash.org/accusantiumsequiculpa.jpg?size=50x50&set=set1,https://robohash.org/sitvelveniam.jpg?size=50x50&set=set1
https://robohash.org/officiisrepellatnesciunt.jpg?size=50x50&set=set1,https://robohash.org/etdoloribusfuga.jpg?size=50x50&set=set1
https://robohash.org/incidunthicet.jpg?size=50x50&set=set1,https://robohash.org/sedidminima.jpg?size=50x50&set=set1
https://robohash.org/maximelaboriosamdolorem.jpg?size=50x50&set=set1,https://robohash.org/etcumdelectus.jpg?size=50x50&set=set1
https://robohash.org/voluptatequiet.jpg?size=50x50&set=set1,https://robohash.org/aspernatureligendiadipisci.jpg?size=50x50&set=set1
https://robohash.org/etvoluptatemdistinctio.jpg?size=50x50&set=set1,https://robohash.org/ipsumdoloresit.jpg?size=50x50&set=set1
https://robohash.org/distinctiorepellatducimus.jpg?size=50x50&set=set1,https://robohash.org/assumendavoluptatemcorporis.jpg?size=50x50&set=set1
https://robohash.org/illumexcepturiqui.jpg?size=50x50&set=set1,https://robohash.org/maximeautemin.jpg?size=50x50&set=set1
https://robohash.org/corporiseatemporibus.jpg?size=50x50&set=set1,https://robohash.org/autcumquequia.jpg?size=50x50&set=set1
https://robohash.org/seddoloribusperspiciatis.jpg?size=50x50&set=set1,https://robohash.org/dignissimosessevoluptatem.jpg?size=50x50&set=set1
https://robohash.org/consequaturealaboriosam.jpg?size=50x50&set=set1,https://robohash.org/ipsamvoluptatumquisquam.jpg?size=50x50&set=set1
https://robohash.org/eosdolorsunt.jpg?size=50x50&set=set1,https://robohash.org/voluptassolutarerum.jpg?size=50x50&set=set1
https://robohash.org/quiaquisomnis.jpg?size=50x50&set=set1,https://robohash.org/adconsequaturbeatae.jpg?size=50x50&set=set1
https://robohash.org/ipsanumquamaut.jpg?size=50x50&set=set1,https://robohash.org/odioautfacilis.jpg?size=50x50&set=set1
https://robohash.org/eoscommodineque.jpg?size=50x50&set=set1,https://robohash.org/ideumrecusandae.jpg?size=50x50&set=set1
https://robohash.org/doloresreprehenderitrecusandae.jpg?size=50x50&set=set1,https://robohash.org/mollitiavelitofficia.jpg?size=50x50&set=set1
https://robohash.org/aliquidquiavero.jpg?size=50x50&set=set1,https://robohash.org/quiautsit.jpg?size=50x50&set=set1
https://robohash.org/doloreaccusantiumtotam.jpg?size=50x50&set=set1,https://robohash.org/doloribusomnisdeleniti.jpg?size=50x50&set=set1
https://robohash.org/aliasutblanditiis.jpg?size=50x50&set=set1,https://robohash.org/estutautem.jpg?size=50x50&set=set1
https://robohash.org/delenitialiquidsit.jpg?size=50x50&set=set1,https://robohash.org/consequaturexpeditalaudantium.jpg?size=50x50&set=set1
https://robohash.org/quasaspernaturin.jpg?size=50x50&set=set1,https://robohash.org/aliquidexplicaboin.jpg?size=50x50&set=set1
https://robohash.org/exmollitianon.jpg?size=50x50&set=set1,https://robohash.org/etullamexplicabo.jpg?size=50x50&set=set1
https://robohash.org/eaquequaeratdoloremque.jpg?size=50x50&set=set1,https://robohash.org/sitasperioresimpedit.jpg?size=50x50&set=set1
https://robohash.org/dictaodionostrum.jpg?size=50x50&set=set1,https://robohash.org/quiquisquamtemporibus.jpg?size=50x50&set=set1
https://robohash.org/utquiadignissimos.jpg?size=50x50&set=set1,https://robohash.org/natusdoloribussaepe.jpg?size=50x50&set=set1
https://robohash.org/omnisundedolores.jpg?size=50x50&set=set1,https://robohash.org/eteaquibusdam.jpg?size=50x50&set=set1
https://robohash.org/veroquicupiditate.jpg?size=50x50&set=set1,https://robohash.org/architectonamassumenda.jpg?size=50x50&set=set1
https://robohash.org/consequuntursintpossimus.jpg?size=50x50&set=set1,https://robohash.org/minimavoluptatesnostrum.jpg?size=50x50&set=set1
https://robohash.org/nisiinsit.jpg?size=50x50&set=set1,https://robohash.org/etvoluptatemcommodi.jpg?size=50x50&set=set1
https://robohash.org/quaeratvelitcorrupti.jpg?size=50x50&set=set1,https://robohash.org/laborefugiatvoluptates.jpg?size=50x50&set=set1
https://robohash.org/insapienteoptio.jpg?size=50x50&set=set1,https://robohash.org/quibusdameummolestias.jpg?size=50x50&set=set1
https://robohash.org/nonnonquia.jpg?size=50x50&set=set1,https://robohash.org/sitmaximenostrum.jpg?size=50x50&set=set1
https://robohash.org/autincum.jpg?size=50x50&set=set1,https://robohash.org/repudiandaevoluptasnon.jpg?size=50x50&set=set1
https://robohash.org/autquianihil.jpg?size=50x50&set=set1,https://robohash.org/delectuspraesentiumqui.jpg?size=50x50&set=set1
https://robohash.org/doloremaperiamnam.jpg?size=50x50&set=set1,https://robohash.org/fugaremqui.jpg?size=50x50&set=set1
https://robohash.org/perferendisconsequunturpariatur.jpg?size=50x50&set=set1,https://robohash.org/oditdebitisincidunt.jpg?size=50x50&set=set1
https://robohash.org/minusvoluptatemesse.jpg?size=50x50&set=set1,https://robohash.org/sapienteprovidentut.jpg?size=50x50&set=set1
https://robohash.org/nisioptioaut.jpg?size=50x50&set=set1,https://robohash.org/autliberoquia.jpg?size=50x50&set=set1
https://robohash.org/similiquequisnisi.jpg?size=50x50&set=set1,https://robohash.org/consequaturnesciunteum.jpg?size=50x50&set=set1
https://robohash.org/quisestprovident.jpg?size=50x50&set=set1,https://robohash.org/cumautet.jpg?size=50x50&set=set1
https://robohash.org/suntbeataemolestiae.jpg?size=50x50&set=set1,https://robohash.org/magnisintautem.jpg?size=50x50&set=set1
https://robohash.org/magnietreprehenderit.jpg?size=50x50&set=set1,https://robohash.org/eaisteest.jpg?size=50x50&set=set1
https://robohash.org/corporisquiaut.jpg?size=50x50&set=set1,https://robohash.org/utexplicabonam.jpg?size=50x50&set=set1
https://robohash.org/utmaioresfugit.jpg?size=50x50&set=set1,https://robohash.org/seddoloremlaboriosam.jpg?size=50x50&set=set1
https://robohash.org/dignissimosquasised.jpg?size=50x50&set=set1,https://robohash.org/fugiatquiaenim.jpg?size=50x50&set=set1
https://robohash.org/corruptivoluptatemaut.jpg?size=50x50&set=set1,https://robohash.org/estetperferendis.jpg?size=50x50&set=set1
https://robohash.org/suscipitquodprovident.jpg?size=50x50&set=set1,https://robohash.org/vitaedignissimosdolore.jpg?size=50x50&set=set1
https://robohash.org/eligendinemovelit.jpg?size=50x50&set=set1,https://robohash.org/dolorumeaquequis.jpg?size=50x50&set=set1
https://robohash.org/doloremqueaccusantiumnostrum.jpg?size=50x50&set=set1,https://robohash.org/evenietblanditiisrecusandae.jpg?size=50x50&set=set1
https://robohash.org/eanihilsequi.jpg?size=50x50&set=set1,https://robohash.org/impeditestaut.jpg?size=50x50&set=set1
https://robohash.org/atquequieos.jpg?size=50x50&set=set1,https://robohash.org/commoditeneturblanditiis.jpg?size=50x50&set=set1
https://robohash.org/hicpossimusnihil.jpg?size=50x50&set=set1,https://robohash.org/consecteturnatusaut.jpg?size=50x50&set=set1
https://robohash.org/fugapossimusquibusdam.jpg?size=50x50&set=set1,https://robohash.org/voluptaslaboriosamlaborum.jpg?size=50x50&set=set1
https://robohash.org/quasteneturomnis.jpg?size=50x50&set=set1,https://robohash.org/sequiconsequaturvoluptatem.jpg?size=50x50&set=set1
https://robohash.org/aspernaturenimrerum.jpg?size=50x50&set=set1,https://robohash.org/voluptatibuslaborumid.jpg?size=50x50&set=set1
https://robohash.org/delectusdoloresnon.jpg?size=50x50&set=set1,https://robohash.org/minimanihilomnis.jpg?size=50x50&set=set1
https://robohash.org/consequaturnequevoluptatum.jpg?size=50x50&set=set1,https://robohash.org/autetmolestiae.jpg?size=50x50&set=set1
https://robohash.org/etconsequaturat.jpg?size=50x50&set=set1,https://robohash.org/autfugaomnis.jpg?size=50x50&set=set1
https://robohash.org/etvoluptasaut.jpg?size=50x50&set=set1,https://robohash.org/nisieaquedelectus.jpg?size=50x50&set=set1
https://robohash.org/ipsaeumtemporibus.jpg?size=50x50&set=set1,https://robohash.org/dolorumaliquamearum.jpg?size=50x50&set=set1
https://robohash.org/namassumendaaspernatur.jpg?size=50x50&set=set1,https://robohash.org/sitsequiquod.jpg?size=50x50&set=set1
https://robohash.org/blanditiisetinventore.jpg?size=50x50&set=set1,https://robohash.org/quisvoluptatemomnis.jpg?size=50x50&set=set1
https://robohash.org/expeditavoluptatemfacilis.jpg?size=50x50&set=set1,https://robohash.org/reiciendisfacerelaboriosam.jpg?size=50x50&set=set1
https://robohash.org/utsuscipitut.jpg?size=50x50&set=set1,https://robohash.org/sedetdolores.jpg?size=50x50&set=set1
https://robohash.org/maioresutnihil.jpg?size=50x50&set=set1,https://robohash.org/idsuntat.jpg?size=50x50&set=set1
https://robohash.org/voluptateminlaboriosam.jpg?size=50x50&set=set1,https://robohash.org/autaconsequatur.jpg?size=50x50&set=set1
https://robohash.org/etetex.jpg?size=50x50&set=set1,https://robohash.org/aomnisquo.jpg?size=50x50&set=set1
https://robohash.org/dolormagnameos.jpg?size=50x50&set=set1,https://robohash.org/dictaaliquidsunt.jpg?size=50x50&set=set1
https://robohash.org/necessitatibusrerumea.jpg?size=50x50&set=set1,https://robohash.org/nonutvoluptas.jpg?size=50x50&set=set1
https://robohash.org/nihiltotamaccusantium.jpg?size=50x50&set=set1,https://robohash.org/utveritatisex.jpg?size=50x50&set=set1
https://robohash.org/voluptatumetaut.jpg?size=50x50&set=set1,https://robohash.org/quilaborumneque.jpg?size=50x50&set=set1
https://robohash.org/doloremqueconsequaturqui.jpg?size=50x50&set=set1,https://robohash.org/consequunturofficiaperferendis.jpg?size=50x50&set=set1
https://robohash.org/ametdignissimosvelit.jpg?size=50x50&set=set1,https://robohash.org/doloresvoluptatumfuga.jpg?size=50x50&set=set1
https://robohash.org/excepturimagniveritatis.jpg?size=50x50&set=set1,https://robohash.org/accusamussapienteatque.jpg?size=50x50&set=set1
https://robohash.org/hictotamdeleniti.jpg?size=50x50&set=set1,https://robohash.org/estquodipsam.jpg?size=50x50&set=set1
https://robohash.org/nesciuntautculpa.jpg?size=50x50&set=set1,https://robohash.org/fugaporrout.jpg?size=50x50&set=set1
https://robohash.org/excepturieummolestias.jpg?size=50x50&set=set1,https://robohash.org/iustodictaipsa.jpg?size=50x50&set=set1
https://robohash.org/consecteturinea.jpg?size=50x50&set=set1,https://robohash.org/estmodiut.jpg?size=50x50&set=set1
https://robohash.org/sitrerumest.jpg?size=50x50&set=set1,https://robohash.org/beataelaudantiumaut.jpg?size=50x50&set=set1
https://robohash.org/eligendiabdelectus.jpg?size=50x50&set=set1,https://robohash.org/quiautipsam.jpg?size=50x50&set=set1
https://robohash.org/enimquisasperiores.jpg?size=50x50&set=set1,https://robohash.org/nesciuntaliquamdolor.jpg?size=50x50&set=set1
https://robohash.org/explicaboatquenon.jpg?size=50x50&set=set1,https://robohash.org/laboreautemfugiat.jpg?size=50x50&set=set1
https://robohash.org/quolaborenumquam.jpg?size=50x50&set=set1,https://robohash.org/verocommodicupiditate.jpg?size=50x50&set=set1
https://robohash.org/maioresquidemiure.jpg?size=50x50&set=set1,https://robohash.org/voluptatemautfacilis.jpg?size=50x50&set=set1
https://robohash.org/delenitietplaceat.jpg?size=50x50&set=set1,https://robohash.org/etabmolestiae.jpg?size=50x50&set=set1
https://robohash.org/temporibusremharum.jpg?size=50x50&set=set1,https://robohash.org/beataecommodiconsequatur.jpg?size=50x50&set=set1
https://robohash.org/repudiandaevelet.jpg?size=50x50&set=set1,https://robohash.org/minimaillorepellat.jpg?size=50x50&set=set1
https://robohash.org/molestiaeerrorcumque.jpg?size=50x50&set=set1,https://robohash.org/officiissequiexercitationem.jpg?size=50x50&set=set1
https://robohash.org/velitetcorporis.jpg?size=50x50&set=set1,https://robohash.org/velitquisquamqui.jpg?size=50x50&set=set1
https://robohash.org/dictaaveniam.jpg?size=50x50&set=set1,https://robohash.org/dignissimosnumquamquis.jpg?size=50x50&set=set1
https://robohash.org/doloremilloet.jpg?size=50x50&set=set1,https://robohash.org/doloresiustoanimi.jpg?size=50x50&set=set1
https://robohash.org/repudiandaequiamaxime.jpg?size=50x50&set=set1,https://robohash.org/blanditiisvoluptatemqui.jpg?size=50x50&set=set1
https://robohash.org/voluptatemteneturqui.jpg?size=50x50&set=set1,https://robohash.org/oditharumnecessitatibus.jpg?size=50x50&set=set1
https://robohash.org/nemoiustosit.jpg?size=50x50&set=set1,https://robohash.org/natusautmagnam.jpg?size=50x50&set=set1
https://robohash.org/rerummagniab.jpg?size=50x50&set=set1,https://robohash.org/velitatqueodio.jpg?size=50x50&set=set1
https://robohash.org/pariaturquibusdamesse.jpg?size=50x50&set=set1,https://robohash.org/rationeassumendadicta.jpg?size=50x50&set=set1
https://robohash.org/quammolestiaeet.jpg?size=50x50&set=set1,https://robohash.org/enimdelenitiqui.jpg?size=50x50&set=set1
https://robohash.org/doloresporroid.jpg?size=50x50&set=set1,https://robohash.org/autemsuscipitipsa.jpg?size=50x50&set=set1
https://robohash.org/repellatiureeos.jpg?size=50x50&set=set1,https://robohash.org/eosvoluptatibusqui.jpg?size=50x50&set=set1
https://robohash.org/optioquilibero.jpg?size=50x50&set=set1,https://robohash.org/repellenduseumqui.jpg?size=50x50&set=set1
https://robohash.org/autsitsaepe.jpg?size=50x50&set=set1,https://robohash.org/doloresnullanon.jpg?size=50x50&set=set1
https://robohash.org/laboredistinctioquia.jpg?size=50x50&set=set1,https://robohash.org/nemoanimitenetur.jpg?size=50x50&set=set1
https://robohash.org/temporibusreprehenderitnon.jpg?size=50x50&set=set1,https://robohash.org/aperiamdolorsit.jpg?size=50x50&set=set1
https://robohash.org/utfugiatquasi.jpg?size=50x50&set=set1,https://robohash.org/namquiasequi.jpg?size=50x50&set=set1
https://robohash.org/illumullamassumenda.jpg?size=50x50&set=set1,https://robohash.org/sedfugaaut.jpg?size=50x50&set=set1
https://robohash.org/molestiaeearem.jpg?size=50x50&set=set1,https://robohash.org/recusandaequisexpedita.jpg?size=50x50&set=set1
https://robohash.org/exercitationemquiaquo.jpg?size=50x50&set=set1,https://robohash.org/eiusilloquibusdam.jpg?size=50x50&set=set1
https://robohash.org/iureaperiampariatur.jpg?size=50x50&set=set1,https://robohash.org/adipisciquaerateum.jpg?size=50x50&set=set1
https://robohash.org/pariaturrerummolestiae.jpg?size=50x50&set=set1,https://robohash.org/veroanesciunt.jpg?size=50x50&set=set1
https://robohash.org/nisifugiatoptio.jpg?size=50x50&set=set1,https://robohash.org/voluptatemodisint.jpg?size=50x50&set=set1
https://robohash.org/necessitatibussedhic.jpg?size=50x50&set=set1,https://robohash.org/quivoluptasofficia.jpg?size=50x50&set=set1
https://robohash.org/estducimusexpedita.jpg?size=50x50&set=set1,https://robohash.org/dignissimosnonnon.jpg?size=50x50&set=set1
https://robohash.org/consequaturquispossimus.jpg?size=50x50&set=set1,https://robohash.org/doloriustoet.jpg?size=50x50&set=set1
https://robohash.org/quiquiavoluptas.jpg?size=50x50&set=set1,https://robohash.org/aliquamoditvoluptatum.jpg?size=50x50&set=set1
https://robohash.org/odiodoloremdolor.jpg?size=50x50&set=set1,https://robohash.org/namfugitdolorem.jpg?size=50x50&set=set1
https://robohash.org/doloremremnesciunt.jpg?size=50x50&set=set1,https://robohash.org/eacorporisvoluptate.jpg?size=50x50&set=set1
https://robohash.org/delenitirerumquo.jpg?size=50x50&set=set1,https://robohash.org/quiquimagni.jpg?size=50x50&set=set1
https://robohash.org/autemnoneum.jpg?size=50x50&set=set1,https://robohash.org/voluptatesrerumet.jpg?size=50x50&set=set1
https://robohash.org/eaqueminustemporibus.jpg?size=50x50&set=set1,https://robohash.org/verofaciliseos.jpg?size=50x50&set=set1
https://robohash.org/velitdoloremqueducimus.jpg?size=50x50&set=set1,https://robohash.org/quiaautqui.jpg?size=50x50&set=set1
https://robohash.org/sittotamperspiciatis.jpg?size=50x50&set=set1,https://robohash.org/sequivoluptatemexplicabo.jpg?size=50x50&set=set1
https://robohash.org/necessitatibushicquae.jpg?size=50x50&set=set1,https://robohash.org/eumnatuscorrupti.jpg?size=50x50&set=set1
https://robohash.org/quaevelitrerum.jpg?size=50x50&set=set1,https://robohash.org/faciliseumab.jpg?size=50x50&set=set1
https://robohash.org/repellendusautdolorem.jpg?size=50x50&set=set1,https://robohash.org/nobisautnostrum.jpg?size=50x50&set=set1
https://robohash.org/quasetexpedita.jpg?size=50x50&set=set1,https://robohash.org/consequaturabid.jpg?size=50x50&set=set1
https://robohash.org/repellatplaceatvoluptatum.jpg?size=50x50&set=set1,https://robohash.org/dolorumporroa.jpg?size=50x50&set=set1
https://robohash.org/ipsaenimcorrupti.jpg?size=50x50&set=set1,https://robohash.org/inetautem.jpg?size=50x50&set=set1
https://robohash.org/rerumutvitae.jpg?size=50x50&set=set1,https://robohash.org/quiiureaut.jpg?size=50x50&set=set1
https://robohash.org/impeditinofficia.jpg?size=50x50&set=set1,https://robohash.org/laborumvoluptatesit.jpg?size=50x50&set=set1
https://robohash.org/utodiovoluptatem.jpg?size=50x50&set=set1,https://robohash.org/harummaioresblanditiis.jpg?size=50x50&set=set1
https://robohash.org/quiaquiadebitis.jpg?size=50x50&set=set1,https://robohash.org/verosuntunde.jpg?size=50x50&set=set1
https://robohash.org/istequiquo.jpg?size=50x50&set=set1,https://robohash.org/quiaiustoneque.jpg?size=50x50&set=set1
https://robohash.org/blanditiisaspernaturautem.jpg?size=50x50&set=set1,https://robohash.org/evenietetest.jpg?size=50x50&set=set1
https://robohash.org/similiquenatusdelectus.jpg?size=50x50&set=set1,https://robohash.org/aliquidquasiet.jpg?size=50x50&set=set1
https://robohash.org/sitsuscipitid.jpg?size=50x50&set=set1,https://robohash.org/eaexcepturinihil.jpg?size=50x50&set=set1
https://robohash.org/autrerumpraesentium.jpg?size=50x50&set=set1,https://robohash.org/pariaturexvoluptate.jpg?size=50x50&set=set1
https://robohash.org/aliquampariaturconsequatur.jpg?size=50x50&set=set1,https://robohash.org/eumidnihil.jpg?size=50x50&set=set1
https://robohash.org/quiautsoluta.jpg?size=50x50&set=set1,https://robohash.org/solutaconsecteturenim.jpg?size=50x50&set=set1
https://robohash.org/suscipitsolutadicta.jpg?size=50x50&set=set1,https://robohash.org/mollitianonomnis.jpg?size=50x50&set=set1
https://robohash.org/voluptatesedmolestiae.jpg?size=50x50&set=set1,https://robohash.org/enimrerumofficiis.jpg?size=50x50&set=set1
https://robohash.org/velitcorporisaut.jpg?size=50x50&set=set1,https://robohash.org/repudiandaeautnam.jpg?size=50x50&set=set1
https://robohash.org/reiciendisquibeatae.jpg?size=50x50&set=set1,https://robohash.org/maioresmagninihil.jpg?size=50x50&set=set1
https://robohash.org/ullameteum.jpg?size=50x50&set=set1,https://robohash.org/facilisquicorporis.jpg?size=50x50&set=set1
https://robohash.org/placeatdeseruntquo.jpg?size=50x50&set=set1,https://robohash.org/etexmagnam.jpg?size=50x50&set=set1
https://robohash.org/minusfugitrerum.jpg?size=50x50&set=set1,https://robohash.org/voluptatesquiet.jpg?size=50x50&set=set1
https://robohash.org/etdeseruntdolorem.jpg?size=50x50&set=set1,https://robohash.org/similiquealiquamodit.jpg?size=50x50&set=set1
https://robohash.org/autaccusamusvero.jpg?size=50x50&set=set1,https://robohash.org/aspernaturutid.jpg?size=50x50&set=set1
https://robohash.org/repudiandaesuscipitnihil.jpg?size=50x50&set=set1,https://robohash.org/modienimconsequatur.jpg?size=50x50&set=set1
https://robohash.org/quaeatquenulla.jpg?size=50x50&set=set1,https://robohash.org/oditutamet.jpg?size=50x50&set=set1
https://robohash.org/estrerumquasi.jpg?size=50x50&set=set1,https://robohash.org/eadictaquo.jpg?size=50x50&set=set1
https://robohash.org/atquefugiatullam.jpg?size=50x50&set=set1,https://robohash.org/consecteturautsint.jpg?size=50x50&set=set1
https://robohash.org/quasiquiquis.jpg?size=50x50&set=set1,https://robohash.org/aliquidofficiisnihil.jpg?size=50x50&set=set1
https://robohash.org/adipisciexpeditadolores.jpg?size=50x50&set=set1,https://robohash.org/ullamestmagnam.jpg?size=50x50&set=set1
https://robohash.org/etveroea.jpg?size=50x50&set=set1,https://robohash.org/ipsamdelenitiofficiis.jpg?size=50x50&set=set1
https://robohash.org/nobisexpeditalibero.jpg?size=50x50&set=set1,https://robohash.org/voluptatibusarchitectoquae.jpg?size=50x50&set=set1
https://robohash.org/repudiandaenonaut.jpg?size=50x50&set=set1,https://robohash.org/advelitsit.jpg?size=50x50&set=set1
https://robohash.org/autporrosed.jpg?size=50x50&set=set1,https://robohash.org/voluptatemofficiaquis.jpg?size=50x50&set=set1
https://robohash.org/doloremquaeratamet.jpg?size=50x50&set=set1,https://robohash.org/idipsumdoloremque.jpg?size=50x50&set=set1
https://robohash.org/quiquivero.jpg?size=50x50&set=set1,https://robohash.org/aspernaturutrepudiandae.jpg?size=50x50&set=set1
https://robohash.org/quidolorumquibusdam.jpg?size=50x50&set=set1,https://robohash.org/consequaturquiaarchitecto.jpg?size=50x50&set=set1
https://robohash.org/iureutquis.jpg?size=50x50&set=set1,https://robohash.org/fugaestcorrupti.jpg?size=50x50&set=set1
https://robohash.org/consecteturfaceresapiente.jpg?size=50x50&set=set1,https://robohash.org/namexpeditaea.jpg?size=50x50&set=set1
https://robohash.org/quialiaseum.jpg?size=50x50&set=set1,https://robohash.org/explicabovoluptatesvelit.jpg?size=50x50&set=set1
https://robohash.org/autinfacilis.jpg?size=50x50&set=set1,https://robohash.org/autdoloreenim.jpg?size=50x50&set=set1
https://robohash.org/sequivoluptasveritatis.jpg?size=50x50&set=set1,https://robohash.org/corporisrerumaliquam.jpg?size=50x50&set=set1
https://robohash.org/quiahicsed.jpg?size=50x50&set=set1,https://robohash.org/etverodolorem.jpg?size=50x50&set=set1
https://robohash.org/laudantiuminciduntet.jpg?size=50x50&set=set1,https://robohash.org/quirationevelit.jpg?size=50x50&set=set1
https://robohash.org/facilisexplicaboofficiis.jpg?size=50x50&set=set1,https://robohash.org/auttemporevel.jpg?size=50x50&set=set1
https://robohash.org/hicpariaturquas.jpg?size=50x50&set=set1,https://robohash.org/inidquia.jpg?size=50x50&set=set1
https://robohash.org/placeatfacilisat.jpg?size=50x50&set=set1,https://robohash.org/vitaemolestiasut.jpg?size=50x50&set=set1
https://robohash.org/etdolorquis.jpg?size=50x50&set=set1,https://robohash.org/adipisciperferendisdebitis.jpg?size=50x50&set=set1
https://robohash.org/fugareprehenderitaut.jpg?size=50x50&set=set1,https://robohash.org/etaid.jpg?size=50x50&set=set1
https://robohash.org/similiqueearumut.jpg?size=50x50&set=set1,https://robohash.org/etnesciuntodit.jpg?size=50x50&set=set1
https://robohash.org/quoestrem.jpg?size=50x50&set=set1,https://robohash.org/molestiaequisuscipit.jpg?size=50x50&set=set1
https://robohash.org/perferendisrepellendusaut.jpg?size=50x50&set=set1,https://robohash.org/perspiciatissedducimus.jpg?size=50x50&set=set1
https://robohash.org/ipsamoditest.jpg?size=50x50&set=set1,https://robohash.org/nisiimpeditvel.jpg?size=50x50&set=set1
https://robohash.org/rationeidtemporibus.jpg?size=50x50&set=set1,https://robohash.org/atdolorpossimus.jpg?size=50x50&set=set1
https://robohash.org/quaeevenietqui.jpg?size=50x50&set=set1,https://robohash.org/omnisutdicta.jpg?size=50x50&set=set1
https://robohash.org/excepturisuntrerum.jpg?size=50x50&set=set1,https://robohash.org/iustoofficiisest.jpg?size=50x50&set=set1
https://robohash.org/cumrerumet.jpg?size=50x50&set=set1,https://robohash.org/minimaeumomnis.jpg?size=50x50&set=set1
https://robohash.org/dignissimosmolestiassint.jpg?size=50x50&set=set1,https://robohash.org/etaperiameius.jpg?size=50x50&set=set1
https://robohash.org/hiceosratione.jpg?size=50x50&set=set1,https://robohash.org/consequunturquiperspiciatis.jpg?size=50x50&set=set1
https://robohash.org/omniseosnon.jpg?size=50x50&set=set1,https://robohash.org/sedsintnisi.jpg?size=50x50&set=set1
https://robohash.org/repellatdoloresconsectetur.jpg?size=50x50&set=set1,https://robohash.org/quiteneturvoluptas.jpg?size=50x50&set=set1
https://robohash.org/doloremsimiliqueet.jpg?size=50x50&set=set1,https://robohash.org/etinciduntet.jpg?size=50x50&set=set1
https://robohash.org/quivoluptatemet.jpg?size=50x50&set=set1,https://robohash.org/voluptatemducimussaepe.jpg?size=50x50&set=set1
https://robohash.org/necessitatibusmagnamprovident.jpg?size=50x50&set=set1,https://robohash.org/quaeratquiaet.jpg?size=50x50&set=set1
https://robohash.org/voluptatemquiaodio.jpg?size=50x50&set=set1,https://robohash.org/molestiaevoluptatibustempore.jpg?size=50x50&set=set1
https://robohash.org/voluptasfugasequi.jpg?size=50x50&set=set1,https://robohash.org/fugiatfugitenim.jpg?size=50x50&set=set1
https://robohash.org/sitetculpa.jpg?size=50x50&set=set1,https://robohash.org/cupiditatecorporisrepellendus.jpg?size=50x50&set=set1
https://robohash.org/blanditiisvelvoluptas.jpg?size=50x50&set=set1,https://robohash.org/rerumrerumut.jpg?size=50x50&set=set1
https://robohash.org/eiusetofficia.jpg?size=50x50&set=set1,https://robohash.org/quiharumofficia.jpg?size=50x50&set=set1
https://robohash.org/repellendusipsamnostrum.jpg?size=50x50&set=set1,https://robohash.org/exvelvelit.jpg?size=50x50&set=set1
https://robohash.org/quiadictavitae.jpg?size=50x50&set=set1,https://robohash.org/errormolestiaeearum.jpg?size=50x50&set=set1
https://robohash.org/teneturullamrepellendus.jpg?size=50x50&set=set1,https://robohash.org/eumquaeratvoluptates.jpg?size=50x50&set=set1
https://robohash.org/reiciendisquaeratut.jpg?size=50x50&set=set1,https://robohash.org/abconsequaturplaceat.jpg?size=50x50&set=set1
https://robohash.org/perferendisvoluptatempossimus.jpg?size=50x50&set=set1,https://robohash.org/autautquidem.jpg?size=50x50&set=set1
https://robohash.org/velquoquia.jpg?size=50x50&set=set1,https://robohash.org/utquaeratdoloribus.jpg?size=50x50&set=set1
https://robohash.org/assumendaquisquamreiciendis.jpg?size=50x50&set=set1,https://robohash.org/voluptasdoloremimpedit.jpg?size=50x50&set=set1
https://robohash.org/voluptateestiusto.jpg?size=50x50&set=set1,https://robohash.org/animirerumlibero.jpg?size=50x50&set=set1
https://robohash.org/similiqueerrorblanditiis.jpg?size=50x50&set=set1,https://robohash.org/namminimaqui.jpg?size=50x50&set=set1
https://robohash.org/laborumatqueaccusantium.jpg?size=50x50&set=set1,https://robohash.org/velittemporibussed.jpg?size=50x50&set=set1
https://robohash.org/adipiscicorporisiste.jpg?size=50x50&set=set1,https://robohash.org/iustoenimplaceat.jpg?size=50x50&set=set1
https://robohash.org/eaetoccaecati.jpg?size=50x50&set=set1,https://robohash.org/quasiutsed.jpg?size=50x50&set=set1
https://robohash.org/estlaboriosamautem.jpg?size=50x50&set=set1,https://robohash.org/beataeitaquetotam.jpg?size=50x50&set=set1
https://robohash.org/automniset.jpg?size=50x50&set=set1,https://robohash.org/excepturiadsit.jpg?size=50x50&set=set1
https://robohash.org/iuremolestiaeunde.jpg?size=50x50&set=set1,https://robohash.org/etnisinon.jpg?size=50x50&set=set1
https://robohash.org/voluptatemquibeatae.jpg?size=50x50&set=set1,https://robohash.org/voluptatemnumquamomnis.jpg?size=50x50&set=set1
https://robohash.org/quisexpeditarerum.jpg?size=50x50&set=set1,https://robohash.org/nostrumeumet.jpg?size=50x50&set=set1
https://robohash.org/eadeseruntcorporis.jpg?size=50x50&set=set1,https://robohash.org/quosabconsequatur.jpg?size=50x50&set=set1
https://robohash.org/blanditiisautaut.jpg?size=50x50&set=set1,https://robohash.org/voluptatesnobiset.jpg?size=50x50&set=set1
https://robohash.org/vitaeetvoluptate.jpg?size=50x50&set=set1,https://robohash.org/cupiditatequiesse.jpg?size=50x50&set=set1
https://robohash.org/modiatqueut.jpg?size=50x50&set=set1,https://robohash.org/corporisassumendaipsum.jpg?size=50x50&set=set1
https://robohash.org/distinctiovitaeat.jpg?size=50x50&set=set1,https://robohash.org/itaqueipsamest.jpg?size=50x50&set=set1
https://robohash.org/ducimussitrepellendus.jpg?size=50x50&set=set1,https://robohash.org/suntfugaut.jpg?size=50x50&set=set1
https://robohash.org/necessitatibusexquam.jpg?size=50x50&set=set1,https://robohash.org/facereipsamveritatis.jpg?size=50x50&set=set1
https://robohash.org/voluptasnumquamblanditiis.jpg?size=50x50&set=set1,https://robohash.org/quaeratimpeditdeserunt.jpg?size=50x50&set=set1
https://robohash.org/vitaesequiqui.jpg?size=50x50&set=set1,https://robohash.org/expeditaillumaut.jpg?size=50x50&set=set1
https://robohash.org/quoautrepellat.jpg?size=50x50&set=set1,https://robohash.org/enimverodeleniti.jpg?size=50x50&set=set1
https://robohash.org/reprehenderitdictamolestias.jpg?size=50x50&set=set1,https://robohash.org/molestiaeutculpa.jpg?size=50x50&set=set1
https://robohash.org/autemeumaut.jpg?size=50x50&set=set1,https://robohash.org/saepebeataedebitis.jpg?size=50x50&set=set1
https://robohash.org/accusamusodiodicta.jpg?size=50x50&set=set1,https://robohash.org/quiaestatque.jpg?size=50x50&set=set1
https://robohash.org/asperioresetipsam.jpg?size=50x50&set=set1,https://robohash.org/vitaeipsamexpedita.jpg?size=50x50&set=set1
https://robohash.org/perspiciatisametex.jpg?size=50x50&set=set1,https://robohash.org/quiacumomnis.jpg?size=50x50&set=set1
https://robohash.org/veroadsit.jpg?size=50x50&set=set1,https://robohash.org/rerumautlaborum.jpg?size=50x50&set=set1
https://robohash.org/commodimolestiasenim.jpg?size=50x50&set=set1,https://robohash.org/quaeratvoluptatibussed.jpg?size=50x50&set=set1
https://robohash.org/liberodoloreblanditiis.jpg?size=50x50&set=set1,https://robohash.org/utfugitreiciendis.jpg?size=50x50&set=set1
https://robohash.org/providentvoluptatemautem.jpg?size=50x50&set=set1,https://robohash.org/consequaturautqui.jpg?size=50x50&set=set1
https://robohash.org/mollitiaquaeet.jpg?size=50x50&set=set1,https://robohash.org/voluptatessaepealiquid.jpg?size=50x50&set=set1
https://robohash.org/repellendusabprovident.jpg?size=50x50&set=set1,https://robohash.org/sintomniseos.jpg?size=50x50&set=set1
https://robohash.org/mollitiaquinobis.jpg?size=50x50&set=set1,https://robohash.org/quosuscipita.jpg?size=50x50&set=set1
https://robohash.org/voluptatemutiusto.jpg?size=50x50&set=set1,https://robohash.org/voluptatequinemo.jpg?size=50x50&set=set1
https://robohash.org/nisirerumtotam.jpg?size=50x50&set=set1,https://robohash.org/eosperspiciatisullam.jpg?size=50x50&set=set1
https://robohash.org/fugiatmaioresconsequuntur.jpg?size=50x50&set=set1,https://robohash.org/cupiditatequamfugiat.jpg?size=50x50&set=set1
https://robohash.org/quiscorrupticonsequatur.jpg?size=50x50&set=set1,https://robohash.org/estpossimusdolores.jpg?size=50x50&set=set1
https://robohash.org/optioetnobis.jpg?size=50x50&set=set1,https://robohash.org/reprehenderitmollitiaullam.jpg?size=50x50&set=set1
https://robohash.org/enimdeseruntquis.jpg?size=50x50&set=set1,https://robohash.org/voluptatesmollitiaex.jpg?size=50x50&set=set1
https://robohash.org/consequaturaliasitaque.jpg?size=50x50&set=set1,https://robohash.org/fugiteumculpa.jpg?size=50x50&set=set1
https://robohash.org/magnamvelitfacilis.jpg?size=50x50&set=set1,https://robohash.org/mollitiaaliquamdebitis.jpg?size=50x50&set=set1
https://robohash.org/eumaeligendi.jpg?size=50x50&set=set1,https://robohash.org/solutautest.jpg?size=50x50&set=set1
https://robohash.org/laborummagnamqui.jpg?size=50x50&set=set1,https://robohash.org/porrosintoccaecati.jpg?size=50x50&set=set1
https://robohash.org/illumfugiatmollitia.jpg?size=50x50&set=set1,https://robohash.org/estdolordignissimos.jpg?size=50x50&set=set1
https://robohash.org/sequiminimarepudiandae.jpg?size=50x50&set=set1,https://robohash.org/rerumquireiciendis.jpg?size=50x50&set=set1
https://robohash.org/ipsamolestiasconsequatur.jpg?size=50x50&set=set1,https://robohash.org/rerumminimaquo.jpg?size=50x50&set=set1
https://robohash.org/ipsaconsequaturqui.jpg?size=50x50&set=set1,https://robohash.org/fugiatnisised.jpg?size=50x50&set=set1
https://robohash.org/aspernaturuttotam.jpg?size=50x50&set=set1,https://robohash.org/consequaturidreiciendis.jpg?size=50x50&set=set1
https://robohash.org/quidemlaboruma.jpg?size=50x50&set=set1,https://robohash.org/quisautaut.jpg?size=50x50&set=set1
https://robohash.org/evenietsintcorrupti.jpg?size=50x50&set=set1,https://robohash.org/totamcumquererum.jpg?size=50x50&set=set1
https://robohash.org/molestiaemaioressit.jpg?size=50x50&set=set1,https://robohash.org/nonutveniam.jpg?size=50x50&set=set1
https://robohash.org/eoseavoluptas.jpg?size=50x50&set=set1,https://robohash.org/numquamautemcupiditate.jpg?size=50x50&set=set1
https://robohash.org/exsuscipitconsequatur.jpg?size=50x50&set=set1,https://robohash.org/voluptatemipsamrecusandae.jpg?size=50x50&set=set1
https://robohash.org/autemsequinihil.jpg?size=50x50&set=set1,https://robohash.org/distinctionecessitatibusducimus.jpg?size=50x50&set=set1
https://robohash.org/earumfugaodit.jpg?size=50x50&set=set1,https://robohash.org/nondoloremquefacilis.jpg?size=50x50&set=set1
https://robohash.org/istequisquia.jpg?size=50x50&set=set1,https://robohash.org/perspiciatisarepudiandae.jpg?size=50x50&set=set1
https://robohash.org/modivitaecorrupti.jpg?size=50x50&set=set1,https://robohash.org/accusamusconsecteturcommodi.jpg?size=50x50&set=set1
https://robohash.org/enimrepellendusquia.jpg?size=50x50&set=set1,https://robohash.org/reprehenderitiuredolor.jpg?size=50x50&set=set1
https://robohash.org/sedexpeditaea.jpg?size=50x50&set=set1,https://robohash.org/impeditprovidentquis.jpg?size=50x50&set=set1
https://robohash.org/cumquelaboriosamfacere.jpg?size=50x50&set=set1,https://robohash.org/enimetamet.jpg?size=50x50&set=set1
https://robohash.org/voluptatequibusdamnatus.jpg?size=50x50&set=set1,https://robohash.org/sitmollitiaqui.jpg?size=50x50&set=set1
https://robohash.org/quasivitaeet.jpg?size=50x50&set=set1,https://robohash.org/sunttotamea.jpg?size=50x50&set=set1
https://robohash.org/adoloribussed.jpg?size=50x50&set=set1,https://robohash.org/voluptasmaximerecusandae.jpg?size=50x50&set=set1
https://robohash.org/modioditnon.jpg?size=50x50&set=set1,https://robohash.org/fugaprovidentdignissimos.jpg?size=50x50&set=set1
https://robohash.org/nondolordolores.jpg?size=50x50&set=set1,https://robohash.org/ametidex.jpg?size=50x50&set=set1
https://robohash.org/voluptatesitaliquid.jpg?size=50x50&set=set1,https://robohash.org/aquieum.jpg?size=50x50&set=set1
https://robohash.org/maioreslaboreaut.jpg?size=50x50&set=set1,https://robohash.org/debitisnamcupiditate.jpg?size=50x50&set=set1
https://robohash.org/magnivoluptatibusaccusamus.jpg?size=50x50&set=set1,https://robohash.org/dolorsimiliquerepudiandae.jpg?size=50x50&set=set1
https://robohash.org/delectusmolestiaequi.jpg?size=50x50&set=set1,https://robohash.org/quoofficiisveniam.jpg?size=50x50&set=set1
https://robohash.org/quisquasaperiam.jpg?size=50x50&set=set1,https://robohash.org/repellatdoloribusest.jpg?size=50x50&set=set1
https://robohash.org/etdoloremqueaut.jpg?size=50x50&set=set1,https://robohash.org/fugiatadipiscieos.jpg?size=50x50&set=set1
https://robohash.org/autemdoloresnam.jpg?size=50x50&set=set1,https://robohash.org/quascumalias.jpg?size=50x50&set=set1
https://robohash.org/doloremestsapiente.jpg?size=50x50&set=set1,https://robohash.org/rationequoin.jpg?size=50x50&set=set1
https://robohash.org/etearumomnis.jpg?size=50x50&set=set1,https://robohash.org/laboriosamminusmolestias.jpg?size=50x50&set=set1
https://robohash.org/eligendiadipisciquo.jpg?size=50x50&set=set1,https://robohash.org/aspernaturlaudantiummaxime.jpg?size=50x50&set=set1
https://robohash.org/nonnatushic.jpg?size=50x50&set=set1,https://robohash.org/laudantiumquiqui.jpg?size=50x50&set=set1
https://robohash.org/corporisreprehenderitsit.jpg?size=50x50&set=set1,https://robohash.org/quaeratcorporisest.jpg?size=50x50&set=set1
https://robohash.org/quosoptionecessitatibus.jpg?size=50x50&set=set1,https://robohash.org/distinctiofugiatsequi.jpg?size=50x50&set=set1
https://robohash.org/adeanihil.jpg?size=50x50&set=set1,https://robohash.org/mollitiaquiquia.jpg?size=50x50&set=set1
https://robohash.org/namnisialiquid.jpg?size=50x50&set=set1,https://robohash.org/vitaelaudantiumsint.jpg?size=50x50&set=set1
https://robohash.org/eaesseut.jpg?size=50x50&set=set1,https://robohash.org/etestea.jpg?size=50x50&set=set1
https://robohash.org/natusrerumlibero.jpg?size=50x50&set=set1,https://robohash.org/officiisetut.jpg?size=50x50&set=set1
https://robohash.org/saepeoccaecatised.jpg?size=50x50&set=set1,https://robohash.org/culpaomnisvoluptatum.jpg?size=50x50&set=set1
https://robohash.org/aliasitaquererum.jpg?size=50x50&set=set1,https://robohash.org/numquamdebitisunde.jpg?size=50x50&set=set1
https://robohash.org/aliasdoloremquein.jpg?size=50x50&set=set1,https://robohash.org/omnisminimacum.jpg?size=50x50&set=set1
https://robohash.org/asperioresdoloresdistinctio.jpg?size=50x50&set=set1,https://robohash.org/impeditautneque.jpg?size=50x50&set=set1
https://robohash.org/laboriosamsuntanimi.jpg?size=50x50&set=set1,https://robohash.org/doloridullam.jpg?size=50x50&set=set1
https://robohash.org/consequaturexercitationemquos.jpg?size=50x50&set=set1,https://robohash.org/mollitiaestcommodi.jpg?size=50x50&set=set1
https://robohash.org/ullamquirecusandae.jpg?size=50x50&set=set1,https://robohash.org/iuremaioresut.jpg?size=50x50&set=set1
https://robohash.org/hicestreprehenderit.jpg?size=50x50&set=set1,https://robohash.org/eaetdolores.jpg?size=50x50&set=set1
https://robohash.org/omnisametsunt.jpg?size=50x50&set=set1,https://robohash.org/temporaautitaque.jpg?size=50x50&set=set1
https://robohash.org/veritatiscumqueminus.jpg?size=50x50&set=set1,https://robohash.org/magnamprovidentaliquam.jpg?size=50x50&set=set1
https://robohash.org/animiquiatenetur.jpg?size=50x50&set=set1,https://robohash.org/quinihilmolestiae.jpg?size=50x50&set=set1
https://robohash.org/etasperioresut.jpg?size=50x50&set=set1,https://robohash.org/eaetdignissimos.jpg?size=50x50&set=set1
https://robohash.org/iustorepudiandaeid.jpg?size=50x50&set=set1,https://robohash.org/consequaturestcommodi.jpg?size=50x50&set=set1
https://robohash.org/nonquodet.jpg?size=50x50&set=set1,https://robohash.org/placeatdeseruntomnis.jpg?size=50x50&set=set1
https://robohash.org/oditrepellatvoluptates.jpg?size=50x50&set=set1,https://robohash.org/quoquiarecusandae.jpg?size=50x50&set=set1
https://robohash.org/accusantiumutsit.jpg?size=50x50&set=set1,https://robohash.org/sintsedet.jpg?size=50x50&set=set1
https://robohash.org/eaqueeosdoloremque.jpg?size=50x50&set=set1,https://robohash.org/voluptasomnisquaerat.jpg?size=50x50&set=set1
https://robohash.org/remrepellendussit.jpg?size=50x50&set=set1,https://robohash.org/omnissequinihil.jpg?size=50x50&set=set1
https://robohash.org/suscipitetid.jpg?size=50x50&set=set1,https://robohash.org/liberodoloremquevoluptatem.jpg?size=50x50&set=set1
https://robohash.org/modiincidunthic.jpg?size=50x50&set=set1,https://robohash.org/cumipsumminus.jpg?size=50x50&set=set1
https://robohash.org/delectusautasperiores.jpg?size=50x50&set=set1,https://robohash.org/quidemvoluptateullam.jpg?size=50x50&set=set1
https://robohash.org/quiaeumodit.jpg?size=50x50&set=set1,https://robohash.org/debitisquosaut.jpg?size=50x50&set=set1
https://robohash.org/assumendatemporain.jpg?size=50x50&set=set1,https://robohash.org/ipsadolorumdicta.jpg?size=50x50&set=set1
https://robohash.org/esseipsumenim.jpg?size=50x50&set=set1,https://robohash.org/repudiandaeatquereiciendis.jpg?size=50x50&set=set1
https://robohash.org/providentoccaecatiperferendis.jpg?size=50x50&set=set1,https://robohash.org/etcorruptideserunt.jpg?size=50x50&set=set1
https://robohash.org/possimuspraesentiumdeleniti.jpg?size=50x50&set=set1,https://robohash.org/repudiandaeadipsam.jpg?size=50x50&set=set1
https://robohash.org/esteosvero.jpg?size=50x50&set=set1,https://robohash.org/adipiscisimiliquesuscipit.jpg?size=50x50&set=set1
https://robohash.org/doloreestet.jpg?size=50x50&set=set1,https://robohash.org/sedabin.jpg?size=50x50&set=set1
https://robohash.org/atqueconsequaturillo.jpg?size=50x50&set=set1,https://robohash.org/iustodelenitieum.jpg?size=50x50&set=set1
https://robohash.org/cumnihilquas.jpg?size=50x50&set=set1,https://robohash.org/sapientenonnumquam.jpg?size=50x50&set=set1
https://robohash.org/quidemvelmaiores.jpg?size=50x50&set=set1,https://robohash.org/ipsumistesimilique.jpg?size=50x50&set=set1
https://robohash.org/sapienteassumendaquo.jpg?size=50x50&set=set1,https://robohash.org/asperioresliberovoluptas.jpg?size=50x50&set=set1
https://robohash.org/molestiaererumquisquam.jpg?size=50x50&set=set1,https://robohash.org/deserunteaqueest.jpg?size=50x50&set=set1
https://robohash.org/necessitatibusnemoomnis.jpg?size=50x50&set=set1,https://robohash.org/abvoluptatibusinventore.jpg?size=50x50&set=set1
https://robohash.org/quidemdoloreseum.jpg?size=50x50&set=set1,https://robohash.org/voluptatemeumeveniet.jpg?size=50x50&set=set1
https://robohash.org/doloraccusantiumexpedita.jpg?size=50x50&set=set1,https://robohash.org/undeaspernaturet.jpg?size=50x50&set=set1
https://robohash.org/numquamcumcumque.jpg?size=50x50&set=set1,https://robohash.org/voluptateeligendiitaque.jpg?size=50x50&set=set1
https://robohash.org/nulladoloremquesed.jpg?size=50x50&set=set1,https://robohash.org/autsapientedolor.jpg?size=50x50&set=set1
https://robohash.org/eteligendimolestias.jpg?size=50x50&set=set1,https://robohash.org/illositsaepe.jpg?size=50x50&set=set1
https://robohash.org/eumsaepeeos.jpg?size=50x50&set=set1,https://robohash.org/temporibusnamsint.jpg?size=50x50&set=set1
https://robohash.org/voluptasarchitectominima.jpg?size=50x50&set=set1,https://robohash.org/autcupiditateullam.jpg?size=50x50&set=set1
https://robohash.org/utetsunt.jpg?size=50x50&set=set1,https://robohash.org/corporistemporesapiente.jpg?size=50x50&set=set1
https://robohash.org/quiacupiditatevitae.jpg?size=50x50&set=set1,https://robohash.org/delectussapientemollitia.jpg?size=50x50&set=set1
https://robohash.org/sedabrerum.jpg?size=50x50&set=set1,https://robohash.org/saepedoloremeligendi.jpg?size=50x50&set=set1
https://robohash.org/ametrationealiquid.jpg?size=50x50&set=set1,https://robohash.org/earummollitiaquaerat.jpg?size=50x50&set=set1
https://robohash.org/enimcorporisvel.jpg?size=50x50&set=set1,https://robohash.org/molestiaeadrerum.jpg?size=50x50&set=set1
https://robohash.org/veniamidrerum.jpg?size=50x50&set=set1,https://robohash.org/sequifugaunde.jpg?size=50x50&set=set1
https://robohash.org/maioresmolestiasomnis.jpg?size=50x50&set=set1,https://robohash.org/dolorumcupiditatetempora.jpg?size=50x50&set=set1
https://robohash.org/omnisquaeratquam.jpg?size=50x50&set=set1,https://robohash.org/abaliaset.jpg?size=50x50&set=set1
https://robohash.org/eumquibusdamveritatis.jpg?size=50x50&set=set1,https://robohash.org/inventorevoluptaset.jpg?size=50x50&set=set1
https://robohash.org/autemfugiatest.jpg?size=50x50&set=set1,https://robohash.org/quiquovel.jpg?size=50x50&set=set1
https://robohash.org/suscipitmaximehic.jpg?size=50x50&set=set1,https://robohash.org/etdistinctioest.jpg?size=50x50&set=set1
https://robohash.org/quiaundeillum.jpg?size=50x50&set=set1,https://robohash.org/adipisciatnemo.jpg?size=50x50&set=set1
https://robohash.org/totamsimiliqueaut.jpg?size=50x50&set=set1,https://robohash.org/quiaquoaut.jpg?size=50x50&set=set1
https://robohash.org/fugitvitaequam.jpg?size=50x50&set=set1,https://robohash.org/estvoluptatemodit.jpg?size=50x50&set=set1
https://robohash.org/voluptatesexpeditaet.jpg?size=50x50&set=set1,https://robohash.org/eumcorruptiquia.jpg?size=50x50&set=set1
https://robohash.org/ipsaquodcommodi.jpg?size=50x50&set=set1,https://robohash.org/itaquedoloromnis.jpg?size=50x50&set=set1
https://robohash.org/quirerumvoluptatem.jpg?size=50x50&set=set1,https://robohash.org/etoptionulla.jpg?size=50x50&set=set1
https://robohash.org/essedelectusrem.jpg?size=50x50&set=set1,https://robohash.org/providentplaceatnostrum.jpg?size=50x50&set=set1
https://robohash.org/nemolaudantiumharum.jpg?size=50x50&set=set1,https://robohash.org/delectusquodautem.jpg?size=50x50&set=set1
https://robohash.org/facerererumconsequuntur.jpg?size=50x50&set=set1,https://robohash.org/debitisseddicta.jpg?size=50x50&set=set1
https://robohash.org/quiavoluptatumdolores.jpg?size=50x50&set=set1,https://robohash.org/architectobeataeenim.jpg?size=50x50&set=set1
https://robohash.org/atestsed.jpg?size=50x50&set=set1,https://robohash.org/undeperferendismagni.jpg?size=50x50&set=set1
https://robohash.org/molestiasdebitispraesentium.jpg?size=50x50&set=set1,https://robohash.org/reprehenderitremquas.jpg?size=50x50&set=set1
https://robohash.org/autemutet.jpg?size=50x50&set=set1,https://robohash.org/numquamrationeomnis.jpg?size=50x50&set=set1
https://robohash.org/consequaturfacereincidunt.jpg?size=50x50&set=set1,https://robohash.org/invitaealiquam.jpg?size=50x50&set=set1
https://robohash.org/estmolestiasanimi.jpg?size=50x50&set=set1,https://robohash.org/estquinemo.jpg?size=50x50&set=set1
https://robohash.org/nequecumqueadipisci.jpg?size=50x50&set=set1,https://robohash.org/quivoluptatemut.jpg?size=50x50&set=set1
https://robohash.org/eaestin.jpg?size=50x50&set=set1,https://robohash.org/dolorumabexercitationem.jpg?size=50x50&set=set1
https://robohash.org/repellendusrerumdistinctio.jpg?size=50x50&set=set1,https://robohash.org/laboreadipiscinostrum.jpg?size=50x50&set=set1
https://robohash.org/optiomolestiaeenim.jpg?size=50x50&set=set1,https://robohash.org/minusquosfacilis.jpg?size=50x50&set=set1
https://robohash.org/laboriosameosut.jpg?size=50x50&set=set1,https://robohash.org/nostrumoditcupiditate.jpg?size=50x50&set=set1
https://robohash.org/autrerumratione.jpg?size=50x50&set=set1,https://robohash.org/sequidoloremet.jpg?size=50x50&set=set1
https://robohash.org/dolorperspiciatisdeleniti.jpg?size=50x50&set=set1,https://robohash.org/isteducimusaut.jpg?size=50x50&set=set1
https://robohash.org/quiaporrodeleniti.jpg?size=50x50&set=set1,https://robohash.org/etarerum.jpg?size=50x50&set=set1
https://robohash.org/quaeratexplicaboincidunt.jpg?size=50x50&set=set1,https://robohash.org/molestiaesuntnihil.jpg?size=50x50&set=set1
https://robohash.org/similiquevoluptatibusaccusamus.jpg?size=50x50&set=set1,https://robohash.org/etdelectussimilique.jpg?size=50x50&set=set1
https://robohash.org/quiaarchitectodolor.jpg?size=50x50&set=set1,https://robohash.org/velitmollitianihil.jpg?size=50x50&set=set1
https://robohash.org/nonexcepturieaque.jpg?size=50x50&set=set1,https://robohash.org/rerumenimplaceat.jpg?size=50x50&set=set1
https://robohash.org/evenietdeseruntest.jpg?size=50x50&set=set1,https://robohash.org/quisexpeditaassumenda.jpg?size=50x50&set=set1
https://robohash.org/ullamquiet.jpg?size=50x50&set=set1,https://robohash.org/blanditiisbeataeet.jpg?size=50x50&set=set1
https://robohash.org/autemenimtempore.jpg?size=50x50&set=set1,https://robohash.org/quidemvoluptatemhic.jpg?size=50x50&set=set1
https://robohash.org/providentvelfacere.jpg?size=50x50&set=set1,https://robohash.org/abhictemporibus.jpg?size=50x50&set=set1
https://robohash.org/voluptatibusdolornisi.jpg?size=50x50&set=set1,https://robohash.org/adteneturnihil.jpg?size=50x50&set=set1
https://robohash.org/quosrationeaccusantium.jpg?size=50x50&set=set1,https://robohash.org/expeditaautblanditiis.jpg?size=50x50&set=set1
https://robohash.org/doloresevenietaut.jpg?size=50x50&set=set1,https://robohash.org/fugitconsecteturut.jpg?size=50x50&set=set1
https://robohash.org/tenetursedcommodi.jpg?size=50x50&set=set1,https://robohash.org/quinihileius.jpg?size=50x50&set=set1
https://robohash.org/quiaipsaminus.jpg?size=50x50&set=set1,https://robohash.org/errorcumqueratione.jpg?size=50x50&set=set1
https://robohash.org/omnisdictadolorum.jpg?size=50x50&set=set1,https://robohash.org/faceresuscipitnon.jpg?size=50x50&set=set1
https://robohash.org/sedeossapiente.jpg?size=50x50&set=set1,https://robohash.org/enimconsecteturplaceat.jpg?size=50x50&set=set1
https://robohash.org/assumendaestmagni.jpg?size=50x50&set=set1,https://robohash.org/doloresrerumlaudantium.jpg?size=50x50&set=set1
https://robohash.org/iustoomnisconsequuntur.jpg?size=50x50&set=set1,https://robohash.org/ametconsequaturdeserunt.jpg?size=50x50&set=set1
https://robohash.org/doloremeumaperiam.jpg?size=50x50&set=set1,https://robohash.org/inenimest.jpg?size=50x50&set=set1
https://robohash.org/consectetureadelectus.jpg?size=50x50&set=set1,https://robohash.org/eaqueliberovoluptates.jpg?size=50x50&set=set1
https://robohash.org/quovoluptasculpa.jpg?size=50x50&set=set1,https://robohash.org/etveritatisiure.jpg?size=50x50&set=set1
https://robohash.org/corporisaliquidquae.jpg?size=50x50&set=set1,https://robohash.org/aliasexplicaboet.jpg?size=50x50&set=set1
https://robohash.org/remrationeullam.jpg?size=50x50&set=set1,https://robohash.org/dolorliberoet.jpg?size=50x50&set=set1
https://robohash.org/saepetotamporro.jpg?size=50x50&set=set1,https://robohash.org/suntipsumet.jpg?size=50x50&set=set1
https://robohash.org/eadoloremplaceat.jpg?size=50x50&set=set1,https://robohash.org/expeditatemporibusdeleniti.jpg?size=50x50&set=set1
https://robohash.org/illumnemoincidunt.jpg?size=50x50&set=set1,https://robohash.org/possimusquomolestiae.jpg?size=50x50&set=set1
https://robohash.org/aspernaturreiciendisvoluptas.jpg?size=50x50&set=set1,https://robohash.org/sitestmaxime.jpg?size=50x50&set=set1
https://robohash.org/officiisrepellatneque.jpg?size=50x50&set=set1,https://robohash.org/idetet.jpg?size=50x50&set=set1
https://robohash.org/repellatsaepeipsa.jpg?size=50x50&set=set1,https://robohash.org/eaqueminussint.jpg?size=50x50&set=set1
https://robohash.org/voluptatemarchitectomodi.jpg?size=50x50&set=set1,https://robohash.org/quisquoesse.jpg?size=50x50&set=set1
https://robohash.org/teneturvelitut.jpg?size=50x50&set=set1,https://robohash.org/voluptatemuteaque.jpg?size=50x50&set=set1
https://robohash.org/molestiaeevenietfacilis.jpg?size=50x50&set=set1,https://robohash.org/evenietrationedicta.jpg?size=50x50&set=set1
https://robohash.org/etsintrerum.jpg?size=50x50&set=set1,https://robohash.org/sitetvoluptatum.jpg?size=50x50&set=set1
https://robohash.org/fugiatetex.jpg?size=50x50&set=set1,https://robohash.org/velquamsaepe.jpg?size=50x50&set=set1
https://robohash.org/velsitsimilique.jpg?size=50x50&set=set1,https://robohash.org/architectosuntvoluptatem.jpg?size=50x50&set=set1
https://robohash.org/utautquasi.jpg?size=50x50&set=set1,https://robohash.org/quiaconsequaturquidem.jpg?size=50x50&set=set1
https://robohash.org/minusquodest.jpg?size=50x50&set=set1,https://robohash.org/etadipiscinisi.jpg?size=50x50&set=set1
https://robohash.org/optioeosalias.jpg?size=50x50&set=set1,https://robohash.org/aliasestquo.jpg?size=50x50&set=set1
https://robohash.org/minimasuntqui.jpg?size=50x50&set=set1,https://robohash.org/mollitiasapientevel.jpg?size=50x50&set=set1
https://robohash.org/suntetnemo.jpg?size=50x50&set=set1,https://robohash.org/adipsamqui.jpg?size=50x50&set=set1
https://robohash.org/suntsimiliqueadipisci.jpg?size=50x50&set=set1,https://robohash.org/utiustoquod.jpg?size=50x50&set=set1
https://robohash.org/quasassumendarepudiandae.jpg?size=50x50&set=set1,https://robohash.org/inciduntutipsa.jpg?size=50x50&set=set1
https://robohash.org/voluptatemfacerenumquam.jpg?size=50x50&set=set1,https://robohash.org/quasivitaequisquam.jpg?size=50x50&set=set1
https://robohash.org/veleiusofficia.jpg?size=50x50&set=set1,https://robohash.org/cumqueillumdolore.jpg?size=50x50&set=set1
https://robohash.org/aliasidut.jpg?size=50x50&set=set1,https://robohash.org/nammaximeratione.jpg?size=50x50&set=set1
https://robohash.org/omnisiustotempore.jpg?size=50x50&set=set1,https://robohash.org/quilaborumut.jpg?size=50x50&set=set1
https://robohash.org/debitisquidemnatus.jpg?size=50x50&set=set1,https://robohash.org/doloreutsapiente.jpg?size=50x50&set=set1
https://robohash.org/cupiditatealiascommodi.jpg?size=50x50&set=set1,https://robohash.org/adipiscilaboreaut.jpg?size=50x50&set=set1
https://robohash.org/etmagnisuscipit.jpg?size=50x50&set=set1,https://robohash.org/providentfugiatdistinctio.jpg?size=50x50&set=set1
https://robohash.org/estnumquamut.jpg?size=50x50&set=set1,https://robohash.org/reprehenderitsuntnon.jpg?size=50x50&set=set1
https://robohash.org/dictaetrem.jpg?size=50x50&set=set1,https://robohash.org/enimillomaxime.jpg?size=50x50&set=set1
https://robohash.org/estaperiamaspernatur.jpg?size=50x50&set=set1,https://robohash.org/oditcumqueullam.jpg?size=50x50&set=set1
https://robohash.org/fugitexplicaboquo.jpg?size=50x50&set=set1,https://robohash.org/modiodioquae.jpg?size=50x50&set=set1
https://robohash.org/aperiamlaborerecusandae.jpg?size=50x50&set=set1,https://robohash.org/rerumvoluptasamet.jpg?size=50x50&set=set1
https://robohash.org/sitdeseruntat.jpg?size=50x50&set=set1,https://robohash.org/nontotamvoluptatum.jpg?size=50x50&set=set1
https://robohash.org/cupiditatenostrumut.jpg?size=50x50&set=set1,https://robohash.org/quasidolorestotam.jpg?size=50x50&set=set1
https://robohash.org/iustovelsoluta.jpg?size=50x50&set=set1,https://robohash.org/aperiamenimquam.jpg?size=50x50&set=set1
https://robohash.org/eosexplicaboest.jpg?size=50x50&set=set1,https://robohash.org/sequiutvel.jpg?size=50x50&set=set1
https://robohash.org/molestiasdelenitivoluptatem.jpg?size=50x50&set=set1,https://robohash.org/fugasederror.jpg?size=50x50&set=set1
https://robohash.org/autperspiciatisquia.jpg?size=50x50&set=set1,https://robohash.org/oditmolestiaeest.jpg?size=50x50&set=set1
https://robohash.org/minusutsint.jpg?size=50x50&set=set1,https://robohash.org/nihilconsequaturdolor.jpg?size=50x50&set=set1
https://robohash.org/quiadet.jpg?size=50x50&set=set1,https://robohash.org/hicnemoomnis.jpg?size=50x50&set=set1
https://robohash.org/autnobisdelectus.jpg?size=50x50&set=set1,https://robohash.org/rerumvelitmagnam.jpg?size=50x50&set=set1
https://robohash.org/dolorquibusdamodio.jpg?size=50x50&set=set1,https://robohash.org/enimrationeeos.jpg?size=50x50&set=set1
https://robohash.org/fugaofficiadistinctio.jpg?size=50x50&set=set1,https://robohash.org/sitquasenim.jpg?size=50x50&set=set1
https://robohash.org/consecteturnihilunde.jpg?size=50x50&set=set1,https://robohash.org/molestiasutdignissimos.jpg?size=50x50&set=set1
https://robohash.org/architectoaliquamvoluptatem.jpg?size=50x50&set=set1,https://robohash.org/doloreseatenetur.jpg?size=50x50&set=set1
https://robohash.org/aspernaturdoloresaut.jpg?size=50x50&set=set1,https://robohash.org/reprehenderitcumeligendi.jpg?size=50x50&set=set1
https://robohash.org/enimaccusantiumlaudantium.jpg?size=50x50&set=set1,https://robohash.org/idminimavero.jpg?size=50x50&set=set1
https://robohash.org/veritatisaccusantiumdeleniti.jpg?size=50x50&set=set1,https://robohash.org/voluptasquaeaut.jpg?size=50x50&set=set1
https://robohash.org/deseruntmaximequi.jpg?size=50x50&set=set1,https://robohash.org/rerumsintaut.jpg?size=50x50&set=set1
https://robohash.org/dolorumdolorbeatae.jpg?size=50x50&set=set1,https://robohash.org/aspernaturiurereprehenderit.jpg?size=50x50&set=set1
https://robohash.org/velitpossimusillum.jpg?size=50x50&set=set1,https://robohash.org/etexplicabosequi.jpg?size=50x50&set=set1
https://robohash.org/quaefuganatus.jpg?size=50x50&set=set1,https://robohash.org/reprehenderitharumsuscipit.jpg?size=50x50&set=set1
https://robohash.org/utsitet.jpg?size=50x50&set=set1,https://robohash.org/estvoluptatibusasperiores.jpg?size=50x50&set=set1
https://robohash.org/molestiaeblanditiisadipisci.jpg?size=50x50&set=set1,https://robohash.org/animifacilisqui.jpg?size=50x50&set=set1
https://robohash.org/veroperferendisvoluptas.jpg?size=50x50&set=set1,https://robohash.org/laboreoditmollitia.jpg?size=50x50&set=set1
https://robohash.org/nihildoloribusamet.jpg?size=50x50&set=set1,https://robohash.org/eiusaccusamusnon.jpg?size=50x50&set=set1
https://robohash.org/easapientepariatur.jpg?size=50x50&set=set1,https://robohash.org/autsequinulla.jpg?size=50x50&set=set1
https://robohash.org/abharumbeatae.jpg?size=50x50&set=set1,https://robohash.org/nemoporrorepellendus.jpg?size=50x50&set=set1
https://robohash.org/iureetaperiam.jpg?size=50x50&set=set1,https://robohash.org/consequaturculpaat.jpg?size=50x50&set=set1
https://robohash.org/temporibustemporenulla.jpg?size=50x50&set=set1,https://robohash.org/quiapariaturdolores.jpg?size=50x50&set=set1
https://robohash.org/deseruntpariaturnatus.jpg?size=50x50&set=set1,https://robohash.org/evenietmagnamharum.jpg?size=50x50&set=set1
https://robohash.org/necessitatibusetsapiente.jpg?size=50x50&set=set1,https://robohash.org/nullaquibusdamarchitecto.jpg?size=50x50&set=set1
https://robohash.org/fugitautratione.jpg?size=50x50&set=set1,https://robohash.org/autvoluptasquia.jpg?size=50x50&set=set1
https://robohash.org/liberoipsaeius.jpg?size=50x50&set=set1,https://robohash.org/rerumharumoccaecati.jpg?size=50x50&set=set1
https://robohash.org/molestiaeasperioresdicta.jpg?size=50x50&set=set1,https://robohash.org/similiquequivoluptatem.jpg?size=50x50&set=set1
https://robohash.org/abidearum.jpg?size=50x50&set=set1,https://robohash.org/maximeaspernaturtempore.jpg?size=50x50&set=set1
https://robohash.org/aspernaturremnisi.jpg?size=50x50&set=set1,https://robohash.org/optioetomnis.jpg?size=50x50&set=set1
https://robohash.org/maximelaboriosamomnis.jpg?size=50x50&set=set1,https://robohash.org/quoharumeum.jpg?size=50x50&set=set1
https://robohash.org/voluptatemquiavoluptates.jpg?size=50x50&set=set1,https://robohash.org/temporequianisi.jpg?size=50x50&set=set1
https://robohash.org/voluptasdelenitinatus.jpg?size=50x50&set=set1,https://robohash.org/estaperiamqui.jpg?size=50x50&set=set1
https://robohash.org/atquelaboredebitis.jpg?size=50x50&set=set1,https://robohash.org/suscipitestsimilique.jpg?size=50x50&set=set1
https://robohash.org/temporibussuntillum.jpg?size=50x50&set=set1,https://robohash.org/sedtotampraesentium.jpg?size=50x50&set=set1
https://robohash.org/etabalias.jpg?size=50x50&set=set1,https://robohash.org/corruptiquisequi.jpg?size=50x50&set=set1
https://robohash.org/eligendiundebeatae.jpg?size=50x50&set=set1,https://robohash.org/vitaeillumblanditiis.jpg?size=50x50&set=set1
https://robohash.org/quaeofficiaconsequatur.jpg?size=50x50&set=set1,https://robohash.org/autquasireprehenderit.jpg?size=50x50&set=set1
https://robohash.org/voluptatemdictamolestiae.jpg?size=50x50&set=set1,https://robohash.org/quoautvero.jpg?size=50x50&set=set1
https://robohash.org/iustoquieos.jpg?size=50x50&set=set1,https://robohash.org/quiasitsint.jpg?size=50x50&set=set1
https://robohash.org/eanonad.jpg?size=50x50&set=set1,https://robohash.org/consequatursaepereiciendis.jpg?size=50x50&set=set1
https://robohash.org/suscipitidet.jpg?size=50x50&set=set1,https://robohash.org/quianullaratione.jpg?size=50x50&set=set1
https://robohash.org/etplaceatmolestias.jpg?size=50x50&set=set1,https://robohash.org/autdictaet.jpg?size=50x50&set=set1
https://robohash.org/utillummolestiae.jpg?size=50x50&set=set1,https://robohash.org/nemovoluptatemexplicabo.jpg?size=50x50&set=set1
https://robohash.org/pariatursintminus.jpg?size=50x50&set=set1,https://robohash.org/autetnobis.jpg?size=50x50&set=set1
https://robohash.org/autitaqueamet.jpg?size=50x50&set=set1,https://robohash.org/nostrumvelipsam.jpg?size=50x50&set=set1
https://robohash.org/quibusdameumconsequatur.jpg?size=50x50&set=set1,https://robohash.org/ipsamvoluptaserror.jpg?size=50x50&set=set1
https://robohash.org/temporadolorrepellat.jpg?size=50x50&set=set1,https://robohash.org/errorvelitet.jpg?size=50x50&set=set1
https://robohash.org/repellendusetperspiciatis.jpg?size=50x50&set=set1,https://robohash.org/veritatisquislibero.jpg?size=50x50&set=set1
https://robohash.org/atetqui.jpg?size=50x50&set=set1,https://robohash.org/inventoreethic.jpg?size=50x50&set=set1
https://robohash.org/nonipsumet.jpg?size=50x50&set=set1,https://robohash.org/laborumsuntut.jpg?size=50x50&set=set1
https://robohash.org/rationeeiuset.jpg?size=50x50&set=set1,https://robohash.org/omnisquiapariatur.jpg?size=50x50&set=set1
https://robohash.org/perspiciatisteneturrerum.jpg?size=50x50&set=set1,https://robohash.org/quisquamerrorest.jpg?size=50x50&set=set1
https://robohash.org/velfuganon.jpg?size=50x50&set=set1,https://robohash.org/voluptatempariaturconsequatur.jpg?size=50x50&set=set1
https://robohash.org/nequesequiblanditiis.jpg?size=50x50&set=set1,https://robohash.org/corporisquiseveniet.jpg?size=50x50&set=set1
https://robohash.org/velomnisenim.jpg?size=50x50&set=set1,https://robohash.org/doloresaeperepudiandae.jpg?size=50x50&set=set1
https://robohash.org/quisedut.jpg?size=50x50&set=set1,https://robohash.org/nobisrepudiandaealiquid.jpg?size=50x50&set=set1
https://robohash.org/explicaboquineque.jpg?size=50x50&set=set1,https://robohash.org/natussequised.jpg?size=50x50&set=set1
https://robohash.org/consequaturnemoducimus.jpg?size=50x50&set=set1,https://robohash.org/undesaepedolorem.jpg?size=50x50&set=set1
https://robohash.org/necessitatibustemporaexpedita.jpg?size=50x50&set=set1,https://robohash.org/estcommodialiquid.jpg?size=50x50&set=set1
https://robohash.org/voluptatibusautperferendis.jpg?size=50x50&set=set1,https://robohash.org/corporismolestiaeamet.jpg?size=50x50&set=set1
https://robohash.org/autemassumendafugit.jpg?size=50x50&set=set1,https://robohash.org/maioresminusanimi.jpg?size=50x50&set=set1
https://robohash.org/quasinecessitatibussit.jpg?size=50x50&set=set1,https://robohash.org/necessitatibusdoloremmolestiae.jpg?size=50x50&set=set1
https://robohash.org/ullamrecusandaeoptio.jpg?size=50x50&set=set1,https://robohash.org/exeosullam.jpg?size=50x50&set=set1
https://robohash.org/fugitquiaut.jpg?size=50x50&set=set1,https://robohash.org/asperioresassumendaofficiis.jpg?size=50x50&set=set1
https://robohash.org/aututcupiditate.jpg?size=50x50&set=set1,https://robohash.org/illocumullam.jpg?size=50x50&set=set1
https://robohash.org/errordoloribussit.jpg?size=50x50&set=set1,https://robohash.org/doloribusetaperiam.jpg?size=50x50&set=set1
https://robohash.org/sitoptioest.jpg?size=50x50&set=set1,https://robohash.org/laboriosamsapienteet.jpg?size=50x50&set=set1
https://robohash.org/numquamundeet.jpg?size=50x50&set=set1,https://robohash.org/laborumrerumquaerat.jpg?size=50x50&set=set1
https://robohash.org/reiciendisbeataeut.jpg?size=50x50&set=set1,https://robohash.org/nonsuscipitnam.jpg?size=50x50&set=set1
https://robohash.org/rerumpariaturamet.jpg?size=50x50&set=set1,https://robohash.org/rerumnonmolestiae.jpg?size=50x50&set=set1
https://robohash.org/dolorfacilisaut.jpg?size=50x50&set=set1,https://robohash.org/quieavoluptatem.jpg?size=50x50&set=set1
https://robohash.org/vitaedelectusdoloremque.jpg?size=50x50&set=set1,https://robohash.org/enimconsecteturquo.jpg?size=50x50&set=set1
https://robohash.org/porropraesentiumcorporis.jpg?size=50x50&set=set1,https://robohash.org/quisomnisquia.jpg?size=50x50&set=set1
https://robohash.org/teneturnonpossimus.jpg?size=50x50&set=set1,https://robohash.org/suscipitquialiquam.jpg?size=50x50&set=set1
