id,username,firstname,lastname,email,birthday,password,verifycode,status,online
501,aspaunton0,Aloin,Spaunton,aspaunton0@japanpost.jp,1946-09-10,$2a$10$88lcjd3vUiq726FP/CQ4bulKQrTcFZvtI9WbZaF4N8rxwVzPWbnQa,1NcVPrd838CDLHBR7dE9BGRfnAB5zqXPfg,4,2023-07-14T16:04:57.072Z
502,tbiernacki1,Troy,Biernacki,tbiernacki1@amazon.co.jp,1935-06-07,$2a$10$88lcjd3vUiq726FP/CQ4bulKQrTcFZvtI9WbZaF4N8rxwVzPWbnQa,1F955REAXoxJd16SWiF61izTRDfXC58qh3,4,2023-07-14T16:04:57.072Z
503,cpogson2,Carce,Pogson,cpogson2@nsw.gov.au,1988-09-25,$2a$10$88lcjd3vUiq726FP/CQ4bulKQrTcFZvtI9WbZaF4N8rxwVzPWbnQa,18esvDiNAF7RXaKUdPJzZDeP18XzgnRGcH,4,2023-07-14T16:04:57.072Z
504,cjeskins3,Christye,Jeskins,cjeskins3@weibo.com,1940-08-04,$2a$10$88lcjd3vUiq726FP/CQ4bulKQrTcFZvtI9WbZaF4N8rxwVzPWbnQa,1DtXswJs6xiWMjEJraVLt9UnHTP2FpdH6E,4,2023-07-14T16:04:57.072Z
505,ksharp4,Kandace,Sharp,ksharp4@cmu.edu,1971-12-03,$2a$10$88lcjd3vUiq726FP/CQ4bulKQrTcFZvtI9WbZaF4N8rxwVzPWbnQa,184xvqvVFzHvuVCH1uzSMtzSPxRhzLVzFJ,4,2023-07-14T16:04:57.072Z
506,cgilroy5,Cari,Gilroy,cgilroy5@sogou.com,1969-06-29,$2a$10$88lcjd3vUiq726FP/CQ4bulKQrTcFZvtI9WbZaF4N8rxwVzPWbnQa,17n4eYADSffPb9ggvyCqxysn9SwfZdFqzC,4,2023-07-14T16:04:57.072Z
507,skington6,Sigfried,Kington,skington6@spotify.com,1964-07-31,$2a$10$88lcjd3vUiq726FP/CQ4bulKQrTcFZvtI9WbZaF4N8rxwVzPWbnQa,1LbYJe4NXNXYwosNbXyu4LLX8HzSBXATUK,4,2023-07-14T16:04:57.072Z
508,klesley7,Keven,Lesley,klesley7@e-recht24.de,1934-12-15,$2a$10$88lcjd3vUiq726FP/CQ4bulKQrTcFZvtI9WbZaF4N8rxwVzPWbnQa,1y138CJQq6NoSNH5X5D1U6FcCJr7vSE82,4,2023-07-14T16:04:57.072Z
509,acraxford8,Aliza,Craxford,acraxford8@house.gov,1950-03-26,$2a$10$88lcjd3vUiq726FP/CQ4bulKQrTcFZvtI9WbZaF4N8rxwVzPWbnQa,1MLYP8pgBnn6WyR4yCtc9JEkZv6SvVSzWZ,4,2023-07-14T16:04:57.072Z
510,wpaffley9,Willabella,Paffley,wpaffley9@oakley.com,1965-05-18,$2a$10$88lcjd3vUiq726FP/CQ4bulKQrTcFZvtI9WbZaF4N8rxwVzPWbnQa,1GQCEU3nUitDht2yV1PAX8zB88oy3ENPAs,4,2023-07-14T16:04:57.072Z
511,prappaa,Pattie,Rappa,prappaa@telegraph.co.uk,1925-04-10,$2a$10$88lcjd3vUiq726FP/CQ4bulKQrTcFZvtI9WbZaF4N8rxwVzPWbnQa,1Fog7Zjp4p84p785SiaTi4JZcxUHf617ao,4,2023-07-14T16:04:57.072Z
512,nbeeresb,Nonna,Beeres,nbeeresb@a8.net,1943-07-19,$2a$10$88lcjd3vUiq726FP/CQ4bulKQrTcFZvtI9WbZaF4N8rxwVzPWbnQa,189CAbjzdCpoBXq57feZJUtsfoCnoLLVtd,4,2023-07-14T16:04:57.072Z
513,gvongrollmannc,Genvieve,von Grollmann,gvongrollmannc@umich.edu,1934-02-20,$2a$10$88lcjd3vUiq726FP/CQ4bulKQrTcFZvtI9WbZaF4N8rxwVzPWbnQa,16ZHt6s1vpd5tUbtwqQTPJt1YcViFe6ZPx,4,2023-07-14T16:04:57.072Z
514,cperkinsond,Cindra,Perkinson,cperkinsond@moonfruit.com,1971-10-08,$2a$10$88lcjd3vUiq726FP/CQ4bulKQrTcFZvtI9WbZaF4N8rxwVzPWbnQa,1NVNzs8gyW4rpr69FukZZdr23DLiRc2ymP,4,2023-07-14T16:04:57.072Z
515,rantysheve,Ronnie,Antyshev,rantysheve@ask.com,1924-08-27,$2a$10$88lcjd3vUiq726FP/CQ4bulKQrTcFZvtI9WbZaF4N8rxwVzPWbnQa,1LVBQARB4n7cUWEhd9U6TzQi9Ki6yc9Q2W,4,2023-07-14T16:04:57.072Z
516,kprewerf,Kit,Prewer,kprewerf@ibm.com,1962-08-10,$2a$10$88lcjd3vUiq726FP/CQ4bulKQrTcFZvtI9WbZaF4N8rxwVzPWbnQa,14NDMrZ3Xf6D9Ck7vUKkyLRnc44vh3r7P6,4,2023-07-14T16:04:57.072Z
517,vclutterbuckg,Valli,Clutterbuck,vclutterbuckg@rakuten.co.jp,1988-09-15,$2a$10$88lcjd3vUiq726FP/CQ4bulKQrTcFZvtI9WbZaF4N8rxwVzPWbnQa,1Cf9VAcbHGPmTPnstDvrw8tUYh7AdSQxkK,4,2023-07-14T16:04:57.072Z
518,jhultbergh,Jane,Hultberg,jhultbergh@yandex.ru,1954-01-18,$2a$10$88lcjd3vUiq726FP/CQ4bulKQrTcFZvtI9WbZaF4N8rxwVzPWbnQa,151hNyTmwmcvcjQBzjxnnYibtgz7a6oarm,4,2023-07-14T16:04:57.072Z
519,nettritchi,Nicoli,Ettritch,nettritchi@va.gov,1961-02-26,$2a$10$88lcjd3vUiq726FP/CQ4bulKQrTcFZvtI9WbZaF4N8rxwVzPWbnQa,1PPVcoerB7uKV7h1BGjcXXxg71r3HLGUZT,4,2023-07-14T16:04:57.072Z
520,jscotfurthj,Julita,Scotfurth,jscotfurthj@wordpress.org,1925-12-10,$2a$10$88lcjd3vUiq726FP/CQ4bulKQrTcFZvtI9WbZaF4N8rxwVzPWbnQa,1DcakddPqpF7EKkH7yfoLKEsMkJ83mTjsR,4,2023-07-14T16:04:57.072Z
521,awinleyk,Antonin,Winley,awinleyk@examiner.com,1959-09-05,$2a$10$88lcjd3vUiq726FP/CQ4bulKQrTcFZvtI9WbZaF4N8rxwVzPWbnQa,1PNSzbTceewENVsJuqfzaajSvYpswSifNq,4,2023-07-14T16:04:57.072Z
522,bseemmondsl,Beatrisa,Seemmonds,bseemmondsl@blog.com,1975-02-12,$2a$10$88lcjd3vUiq726FP/CQ4bulKQrTcFZvtI9WbZaF4N8rxwVzPWbnQa,1Hxv6ta7bEqG8d8kRNjQKPV7jEj8dCGXtS,4,2023-07-14T16:04:57.072Z
523,ebinksm,Emili,Binks,ebinksm@technorati.com,1962-04-03,$2a$10$88lcjd3vUiq726FP/CQ4bulKQrTcFZvtI9WbZaF4N8rxwVzPWbnQa,1DFD6rt2LunqGKt5XT4L1tHqvuw93pphP,4,2023-07-14T16:04:57.072Z
524,cjervoisn,Caritta,Jervois,cjervoisn@cafepress.com,1969-07-01,$2a$10$88lcjd3vUiq726FP/CQ4bulKQrTcFZvtI9WbZaF4N8rxwVzPWbnQa,1BLAtFXub3ekTJMVNSXLLkMXYEQqJRwiaX,4,2023-07-14T16:04:57.072Z
525,msketchleyo,Merrily,Sketchley,msketchleyo@china.com.cn,1992-04-20,$2a$10$88lcjd3vUiq726FP/CQ4bulKQrTcFZvtI9WbZaF4N8rxwVzPWbnQa,1Hg9tE1pnjzfcaT26A97ACYXe68KbbXTMA,4,2023-07-14T16:04:57.072Z
526,nalenikovp,Nariko,Alenikov,nalenikovp@ted.com,1928-08-27,$2a$10$88lcjd3vUiq726FP/CQ4bulKQrTcFZvtI9WbZaF4N8rxwVzPWbnQa,1FZXW7JKP4S935Ft23R7Hv65AYvVHsD42m,4,2023-07-14T16:04:57.072Z
527,strevenuq,Sax,Trevenu,strevenuq@hc360.com,1956-12-25,$2a$10$88lcjd3vUiq726FP/CQ4bulKQrTcFZvtI9WbZaF4N8rxwVzPWbnQa,1B9WtzVjshxNLEkminsmFkguvJUDUcBGPg,4,2023-07-14T16:04:57.072Z
528,cmalyjr,Casandra,Malyj,cmalyjr@wikispaces.com,1932-01-05,$2a$10$88lcjd3vUiq726FP/CQ4bulKQrTcFZvtI9WbZaF4N8rxwVzPWbnQa,1QHrZvicjQQFaE4tFhpcioGXvYwRcYxbsF,4,2023-07-14T16:04:57.072Z
529,fdurs,Fiorenze,Dur,fdurs@unblog.fr,1963-03-10,$2a$10$88lcjd3vUiq726FP/CQ4bulKQrTcFZvtI9WbZaF4N8rxwVzPWbnQa,1PhKfy8Tdyq2zgXUeAQ1VipVAr1E7ek5f7,4,2023-07-14T16:04:57.072Z
530,cbrandsmat,Claudian,Brandsma,cbrandsmat@bandcamp.com,1928-12-02,$2a$10$88lcjd3vUiq726FP/CQ4bulKQrTcFZvtI9WbZaF4N8rxwVzPWbnQa,13Wo2P2RvG4crXPuPWoGu4xcyu5mLHUSqV,4,2023-07-14T16:04:57.072Z
531,eladenu,Edi,Laden,eladenu@intel.com,1926-08-08,$2a$10$88lcjd3vUiq726FP/CQ4bulKQrTcFZvtI9WbZaF4N8rxwVzPWbnQa,1C1UnsXb63P3c5N8qAPa5uzoJN63Q5xE6C,4,2023-07-14T16:04:57.072Z
532,rworsamv,Roscoe,Worsam,rworsamv@nps.gov,1983-01-08,$2a$10$88lcjd3vUiq726FP/CQ4bulKQrTcFZvtI9WbZaF4N8rxwVzPWbnQa,15UFEAfnxVfH5fhamjCvumi6vTnW8bfdjx,4,2023-07-14T16:04:57.072Z
533,eepgravew,Emogene,Epgrave,eepgravew@shinystat.com,1977-10-28,$2a$10$88lcjd3vUiq726FP/CQ4bulKQrTcFZvtI9WbZaF4N8rxwVzPWbnQa,1HY3onwMj16UViLtnVXqZCJenyxDgbXt8v,4,2023-07-14T16:04:57.072Z
534,mperrigox,Morrie,Perrigo,mperrigox@cocolog-nifty.com,1959-06-25,$2a$10$88lcjd3vUiq726FP/CQ4bulKQrTcFZvtI9WbZaF4N8rxwVzPWbnQa,1PSQmcVjQ3VL1hYgqQFFXwNzKBwZAKAdra,4,2023-07-14T16:04:57.072Z
535,mformiey,Mendel,Formie,mformiey@timesonline.co.uk,1940-01-21,$2a$10$88lcjd3vUiq726FP/CQ4bulKQrTcFZvtI9WbZaF4N8rxwVzPWbnQa,1DwTYe4WMoA9VCjoPF1YESmqeMjgpx3FeU,4,2023-07-14T16:04:57.072Z
536,whiggoez,Wendye,Higgoe,whiggoez@digg.com,1996-05-11,$2a$10$88lcjd3vUiq726FP/CQ4bulKQrTcFZvtI9WbZaF4N8rxwVzPWbnQa,178zjmtcs1TuSPgzhx1xJQkDfmxVq6shBt,4,2023-07-14T16:04:57.072Z
537,pchamp10,Priscilla,Champ,pchamp10@reference.com,1946-07-17,$2a$10$88lcjd3vUiq726FP/CQ4bulKQrTcFZvtI9WbZaF4N8rxwVzPWbnQa,1LtCgmadyGM5W6iWde6eC5aSDp3eSnsQZ1,4,2023-07-14T16:04:57.072Z
538,aeltringham11,Alica,Eltringham,aeltringham11@archive.org,1936-12-08,$2a$10$88lcjd3vUiq726FP/CQ4bulKQrTcFZvtI9WbZaF4N8rxwVzPWbnQa,156VDZtmWXJcb2vvcK5kSh9pv9DC4rBbz3,4,2023-07-14T16:04:57.072Z
539,landrejevic12,Lonni,Andrejevic,landrejevic12@europa.eu,1979-02-11,$2a$10$88lcjd3vUiq726FP/CQ4bulKQrTcFZvtI9WbZaF4N8rxwVzPWbnQa,1JJNpixN1i9PdNeAAx7r8cPJEvtuAwPASA,4,2023-07-14T16:04:57.072Z
540,hworboy13,Harland,Worboy,hworboy13@flavors.me,1928-11-27,$2a$10$88lcjd3vUiq726FP/CQ4bulKQrTcFZvtI9WbZaF4N8rxwVzPWbnQa,1E8rEnXDLNk5v7PCdQ2pHnrB4goXxKcPJA,4,2023-07-14T16:04:57.072Z
541,emccormack14,Essie,McCormack,emccormack14@live.com,1964-06-04,$2a$10$88lcjd3vUiq726FP/CQ4bulKQrTcFZvtI9WbZaF4N8rxwVzPWbnQa,1GVkQiCKKTJqXE7MRFEBT14uFaBvPEosha,4,2023-07-14T16:04:57.072Z
542,rfeacham15,Ruprecht,Feacham,rfeacham15@example.com,1961-05-01,$2a$10$88lcjd3vUiq726FP/CQ4bulKQrTcFZvtI9WbZaF4N8rxwVzPWbnQa,1BvScYTz6WQwrvtkcuaCNCtujq36GbfneV,4,2023-07-14T16:04:57.072Z
543,cthomasson16,Cassey,Thomasson,cthomasson16@sfgate.com,1991-05-06,$2a$10$88lcjd3vUiq726FP/CQ4bulKQrTcFZvtI9WbZaF4N8rxwVzPWbnQa,1ArFvRCZuinJhDiUqKnpFxiNXEbjrTaEe2,4,2023-07-14T16:04:57.072Z
544,abortolotti17,Alexei,Bortolotti,abortolotti17@npr.org,1975-03-05,$2a$10$88lcjd3vUiq726FP/CQ4bulKQrTcFZvtI9WbZaF4N8rxwVzPWbnQa,1Fyi8jECVRecjJXUf6D8o2efbUXxomnnrT,4,2023-07-14T16:04:57.072Z
545,hstangroom18,Hanan,Stangroom,hstangroom18@bloglovin.com,1993-06-04,$2a$10$88lcjd3vUiq726FP/CQ4bulKQrTcFZvtI9WbZaF4N8rxwVzPWbnQa,1Ed78No85MQqNnRA4LCYyYPQyNDiC8q7vi,4,2023-07-14T16:04:57.072Z
546,hbrock19,Hy,Brock,hbrock19@ezinearticles.com,1935-06-02,$2a$10$88lcjd3vUiq726FP/CQ4bulKQrTcFZvtI9WbZaF4N8rxwVzPWbnQa,14u1fZMaRhU2ckrFbZmDU37YFfdRMNmsRK,4,2023-07-14T16:04:57.072Z
547,chixley1a,Calida,Hixley,chixley1a@cisco.com,1986-04-01,$2a$10$88lcjd3vUiq726FP/CQ4bulKQrTcFZvtI9WbZaF4N8rxwVzPWbnQa,1ij5n8n4XMmY399hs1j9sHVkzY6JwRbzB,4,2023-07-14T16:04:57.072Z
548,acornell1b,Ara,Cornell,acornell1b@theatlantic.com,2002-12-27,$2a$10$88lcjd3vUiq726FP/CQ4bulKQrTcFZvtI9WbZaF4N8rxwVzPWbnQa,1FfWDhK26XXLy5Z9MvidR59GbzQPzsjz3u,4,2023-07-14T16:04:57.072Z
549,cpethick1c,Cristine,Pethick,cpethick1c@paginegialle.it,1936-10-14,$2a$10$88lcjd3vUiq726FP/CQ4bulKQrTcFZvtI9WbZaF4N8rxwVzPWbnQa,151iuLFzgywHUqDPMavroTKsNeGBqeEKQ5,4,2023-07-14T16:04:57.072Z
550,jhiddy1d,Jackquelin,Hiddy,jhiddy1d@amazon.co.uk,1992-09-13,$2a$10$88lcjd3vUiq726FP/CQ4bulKQrTcFZvtI9WbZaF4N8rxwVzPWbnQa,1MpKGiJAvXbAnUWkJuQ4C2CWeZXKGgv7nd,4,2023-07-14T16:04:57.072Z
551,dfretson1e,Daphne,Fretson,dfretson1e@samsung.com,1932-05-09,$2a$10$88lcjd3vUiq726FP/CQ4bulKQrTcFZvtI9WbZaF4N8rxwVzPWbnQa,1KjnAyvL14YcMcJ6i5dTWsCwxMLHoX1wcH,4,2023-07-14T16:04:57.072Z
552,vquarry1f,Val,Quarry,vquarry1f@ihg.com,1943-10-17,$2a$10$88lcjd3vUiq726FP/CQ4bulKQrTcFZvtI9WbZaF4N8rxwVzPWbnQa,13eMsBudPeoiSjofm1HS7ikEe1HP9ZmJbe,4,2023-07-14T16:04:57.072Z
553,mhutchin1g,Morgun,Hutchin,mhutchin1g@skype.com,1946-08-12,$2a$10$88lcjd3vUiq726FP/CQ4bulKQrTcFZvtI9WbZaF4N8rxwVzPWbnQa,1NgjS2AxsUVfvQijKfV8YS9FatZkUGTVSY,4,2023-07-14T16:04:57.072Z
554,ugouth1h,Ursola,Gouth,ugouth1h@google.ru,1989-10-25,$2a$10$88lcjd3vUiq726FP/CQ4bulKQrTcFZvtI9WbZaF4N8rxwVzPWbnQa,1CSEW26p4KevffHSzEqPkpTBPnEC52FX9u,4,2023-07-14T16:04:57.072Z
555,bjansie1i,Boyce,Jansie,bjansie1i@mediafire.com,1958-05-23,$2a$10$88lcjd3vUiq726FP/CQ4bulKQrTcFZvtI9WbZaF4N8rxwVzPWbnQa,18RjUqe4w5TDc9zPRX5p7Xgk2KbrqB4Ae4,4,2023-07-14T16:04:57.072Z
556,aethington1j,Alfy,Ethington,aethington1j@slashdot.org,1978-02-16,$2a$10$88lcjd3vUiq726FP/CQ4bulKQrTcFZvtI9WbZaF4N8rxwVzPWbnQa,16Cz1ENytpWEhzWCii6aRnH3RB7YF5Tvu8,4,2023-07-14T16:04:57.072Z
557,ewarfield1k,Elaina,Warfield,ewarfield1k@forbes.com,1930-06-13,$2a$10$88lcjd3vUiq726FP/CQ4bulKQrTcFZvtI9WbZaF4N8rxwVzPWbnQa,17UBXbHrWUecGDqifzW4doHbNyaRAxTneQ,4,2023-07-14T16:04:57.072Z
558,scoggell1l,Sidney,Coggell,scoggell1l@newyorker.com,1972-08-25,$2a$10$88lcjd3vUiq726FP/CQ4bulKQrTcFZvtI9WbZaF4N8rxwVzPWbnQa,1PhAMDdAwdegTYJbUpvsUBnUaBBGVCbeyE,4,2023-07-14T16:04:57.072Z
559,ttorrans1m,Tonya,Torrans,ttorrans1m@bloglovin.com,2002-09-22,$2a$10$88lcjd3vUiq726FP/CQ4bulKQrTcFZvtI9WbZaF4N8rxwVzPWbnQa,1L7aj5d5jsp43kfLYs4ZQ7Qdmq7Gk5FmHK,4,2023-07-14T16:04:57.072Z
560,rplessing1n,Robb,Plessing,rplessing1n@wikispaces.com,1932-01-15,$2a$10$88lcjd3vUiq726FP/CQ4bulKQrTcFZvtI9WbZaF4N8rxwVzPWbnQa,19RaawY81UeneZAMXJXzEmwUA7rxsM6BaV,4,2023-07-14T16:04:57.072Z
561,tstraffon1o,Trudy,Straffon,tstraffon1o@patch.com,1993-01-07,$2a$10$88lcjd3vUiq726FP/CQ4bulKQrTcFZvtI9WbZaF4N8rxwVzPWbnQa,1Kkuo5mnuvTBwVvEuG43MxyknkJwtLFnLR,4,2023-07-14T16:04:57.072Z
562,kseal1p,Kerrill,Seal,kseal1p@stanford.edu,1989-07-10,$2a$10$88lcjd3vUiq726FP/CQ4bulKQrTcFZvtI9WbZaF4N8rxwVzPWbnQa,1BdzKrrEawYUnWZG2C2csbxoLKq3yM8CMT,4,2023-07-14T16:04:57.072Z
563,hspowart1q,Hirsch,Spowart,hspowart1q@lulu.com,1990-11-29,$2a$10$88lcjd3vUiq726FP/CQ4bulKQrTcFZvtI9WbZaF4N8rxwVzPWbnQa,12sYcRmEo9RwffHKVazFN9j314ioBcSaRm,4,2023-07-14T16:04:57.072Z
564,dnucator1r,Daniel,Nucator,dnucator1r@topsy.com,1957-02-16,$2a$10$88lcjd3vUiq726FP/CQ4bulKQrTcFZvtI9WbZaF4N8rxwVzPWbnQa,1CSAtdzAG1xoAMrmYBF5CQMjYk593uSM4Y,4,2023-07-14T16:04:57.072Z
565,bdebruin1s,Benjamin,De Bruin,bdebruin1s@naver.com,1938-09-27,$2a$10$88lcjd3vUiq726FP/CQ4bulKQrTcFZvtI9WbZaF4N8rxwVzPWbnQa,1D7S71nhJcnYUfSakKZEBwnHVQWasonBe7,4,2023-07-14T16:04:57.072Z
566,ltownsend1t,Lambert,Townsend,ltownsend1t@hatena.ne.jp,1960-07-01,$2a$10$88lcjd3vUiq726FP/CQ4bulKQrTcFZvtI9WbZaF4N8rxwVzPWbnQa,14rzkYfgvZK9YkbJQEbGwX23XkwHNCCgti,4,2023-07-14T16:04:57.072Z
567,ltyndall1u,Linn,Tyndall,ltyndall1u@devhub.com,1975-06-22,$2a$10$88lcjd3vUiq726FP/CQ4bulKQrTcFZvtI9WbZaF4N8rxwVzPWbnQa,1K8KhiwE1brhR3w5UamHkE8K7gCTd2M1mc,4,2023-07-14T16:04:57.072Z
568,arappoport1v,Abram,Rappoport,arappoport1v@yahoo.co.jp,2000-09-28,$2a$10$88lcjd3vUiq726FP/CQ4bulKQrTcFZvtI9WbZaF4N8rxwVzPWbnQa,1PciJoSc6ZrEq5CfPYfFxX61T3QrbxS7GM,4,2023-07-14T16:04:57.072Z
569,cpoppleton1w,Cristian,Poppleton,cpoppleton1w@ocn.ne.jp,1957-02-08,$2a$10$88lcjd3vUiq726FP/CQ4bulKQrTcFZvtI9WbZaF4N8rxwVzPWbnQa,16YfJnxkaWtYik2YPw13ae1pSRzAW8bHof,4,2023-07-14T16:04:57.072Z
570,abloxsum1x,Athene,Bloxsum,abloxsum1x@apple.com,1993-10-21,$2a$10$88lcjd3vUiq726FP/CQ4bulKQrTcFZvtI9WbZaF4N8rxwVzPWbnQa,1PFEZcrLAdBe97gXbWqdq6k55xSX2hPV8E,4,2023-07-14T16:04:57.072Z
571,glyffe1y,Gibby,Lyffe,glyffe1y@msn.com,1937-12-27,$2a$10$88lcjd3vUiq726FP/CQ4bulKQrTcFZvtI9WbZaF4N8rxwVzPWbnQa,1GaztbiWnFhwRU83VeCho5zYrk2emSDDwp,4,2023-07-14T16:04:57.072Z
572,jbison1z,Job,Bison,jbison1z@ask.com,2004-04-27,$2a$10$88lcjd3vUiq726FP/CQ4bulKQrTcFZvtI9WbZaF4N8rxwVzPWbnQa,1Fxcb8AVd7xqnbVCy9xxx9EgAZZxHNCNr,4,2023-07-14T16:04:57.072Z
573,noconnel20,Nikos,O'Connel,noconnel20@wsj.com,1931-03-03,$2a$10$88lcjd3vUiq726FP/CQ4bulKQrTcFZvtI9WbZaF4N8rxwVzPWbnQa,1M77YJwDHhciTVaApWk8ZD7n65QJDNMz2n,4,2023-07-14T16:04:57.072Z
574,emytton21,Emlyn,Mytton,emytton21@barnesandnoble.com,1974-07-07,$2a$10$88lcjd3vUiq726FP/CQ4bulKQrTcFZvtI9WbZaF4N8rxwVzPWbnQa,186jxBKDDDeKbUQ5pn3c3AZRV1KEwnUezC,4,2023-07-14T16:04:57.072Z
575,mbolmann22,Mahmud,Bolmann,mbolmann22@hao123.com,1934-08-05,$2a$10$88lcjd3vUiq726FP/CQ4bulKQrTcFZvtI9WbZaF4N8rxwVzPWbnQa,1E3hxRamfvF4eVPA8ymURrG4dWY4s5wfaJ,4,2023-07-14T16:04:57.072Z
576,dhaveline23,Dot,Haveline,dhaveline23@bigcartel.com,1923-11-15,$2a$10$88lcjd3vUiq726FP/CQ4bulKQrTcFZvtI9WbZaF4N8rxwVzPWbnQa,1GCXH39wmLg9b1qTcqbQBdzDFF5s8U43W4,4,2023-07-14T16:04:57.072Z
577,fcosson24,Francisco,Cosson,fcosson24@irs.gov,1951-03-22,$2a$10$88lcjd3vUiq726FP/CQ4bulKQrTcFZvtI9WbZaF4N8rxwVzPWbnQa,19eubbUnRP8dbaBZMqUA8295kDFUp4Pzwt,4,2023-07-14T16:04:57.072Z
578,hmatteo25,Haskell,Matteo,hmatteo25@seesaa.net,2000-11-23,$2a$10$88lcjd3vUiq726FP/CQ4bulKQrTcFZvtI9WbZaF4N8rxwVzPWbnQa,1KKSztpMMxBFqN1w2hNMPZR7Pow7E8QpjF,4,2023-07-14T16:04:57.072Z
579,hstribling26,Humberto,Stribling,hstribling26@howstuffworks.com,1948-12-07,$2a$10$88lcjd3vUiq726FP/CQ4bulKQrTcFZvtI9WbZaF4N8rxwVzPWbnQa,15WmCUsuWJTHC7fRYQGh5c9vMJoWjqBVjN,4,2023-07-14T16:04:57.072Z
580,daggus27,Deena,Aggus,daggus27@histats.com,1929-11-07,$2a$10$88lcjd3vUiq726FP/CQ4bulKQrTcFZvtI9WbZaF4N8rxwVzPWbnQa,15PfD8xGjdd6fmQYhuDXJWjmryYyNXK8ZV,4,2023-07-14T16:04:57.072Z
581,umorsom28,Uta,Morsom,umorsom28@bbc.co.uk,1998-09-12,$2a$10$88lcjd3vUiq726FP/CQ4bulKQrTcFZvtI9WbZaF4N8rxwVzPWbnQa,18zWn2tZgwPGC2Qynd7chAdFF5n9aTCT3p,4,2023-07-14T16:04:57.072Z
582,lhabbema29,Lurette,Habbema,lhabbema29@imdb.com,1945-10-25,$2a$10$88lcjd3vUiq726FP/CQ4bulKQrTcFZvtI9WbZaF4N8rxwVzPWbnQa,1E4iWjwbH1CdjnKRTf7883HLKSiqq1csw7,4,2023-07-14T16:04:57.072Z
583,avillalta2a,Atalanta,Villalta,avillalta2a@dot.gov,1972-08-18,$2a$10$88lcjd3vUiq726FP/CQ4bulKQrTcFZvtI9WbZaF4N8rxwVzPWbnQa,1ncjLdCq3pnii9CkrMogtyw34BQbDdUR7,4,2023-07-14T16:04:57.072Z
584,sengel2b,Starlene,Engel,sengel2b@who.int,1979-11-11,$2a$10$88lcjd3vUiq726FP/CQ4bulKQrTcFZvtI9WbZaF4N8rxwVzPWbnQa,1Phx7Bvo5biMdPbNHUMUWWamtWatuUWnAf,4,2023-07-14T16:04:57.072Z
585,lbiasio2c,Lindy,Biasio,lbiasio2c@deliciousdays.com,1945-08-13,$2a$10$88lcjd3vUiq726FP/CQ4bulKQrTcFZvtI9WbZaF4N8rxwVzPWbnQa,13Mk4bLLp9mZo3KvqTg5oCxaVpEWtp9xxK,4,2023-07-14T16:04:57.072Z
586,caasaf2d,Cissiee,Aasaf,caasaf2d@amazon.co.uk,1967-12-31,$2a$10$88lcjd3vUiq726FP/CQ4bulKQrTcFZvtI9WbZaF4N8rxwVzPWbnQa,15Z51rZ7rqkpEbTFwUnXQFtFiBnnqBV1ob,4,2023-07-14T16:04:57.072Z
587,dloges2e,Darby,Loges,dloges2e@oaic.gov.au,1946-05-29,$2a$10$88lcjd3vUiq726FP/CQ4bulKQrTcFZvtI9WbZaF4N8rxwVzPWbnQa,1NdFptWqi5wCVTUo8qzdLGwsGv8oTqNB2X,4,2023-07-14T16:04:57.072Z
588,bmaddison2f,Bria,Maddison,bmaddison2f@bluehost.com,1940-11-19,$2a$10$88lcjd3vUiq726FP/CQ4bulKQrTcFZvtI9WbZaF4N8rxwVzPWbnQa,1ErFvG39w7ZSCFCX1Qa2H5ENLR5uzgv82f,4,2023-07-14T16:04:57.072Z
589,pleggs2g,Pietra,Leggs,pleggs2g@ezinearticles.com,1985-09-02,$2a$10$88lcjd3vUiq726FP/CQ4bulKQrTcFZvtI9WbZaF4N8rxwVzPWbnQa,1MZa1Ufry2LZcU4T7xYnE8uy3FrzrrHFgs,4,2023-07-14T16:04:57.072Z
590,jadamiak2h,Jermaine,Adamiak,jadamiak2h@mapquest.com,1923-12-17,$2a$10$88lcjd3vUiq726FP/CQ4bulKQrTcFZvtI9WbZaF4N8rxwVzPWbnQa,15khD7GWVqb82Tj3wgheVi6KoSAoiUjtGX,4,2023-07-14T16:04:57.072Z
591,ahallett2i,Aundrea,Hallett,ahallett2i@multiply.com,1923-10-07,$2a$10$88lcjd3vUiq726FP/CQ4bulKQrTcFZvtI9WbZaF4N8rxwVzPWbnQa,1KgTJqA4ye8kgZWkBxtN9WLmAfWfem1eLp,4,2023-07-14T16:04:57.072Z
592,umccrudden2j,Uriah,McCrudden,umccrudden2j@ft.com,1929-10-24,$2a$10$88lcjd3vUiq726FP/CQ4bulKQrTcFZvtI9WbZaF4N8rxwVzPWbnQa,1KyyhjjzmoAm7xYSuTEh5ar7XKihRLdxFi,4,2023-07-14T16:04:57.072Z
593,fpetchell2k,Farrand,Petchell,fpetchell2k@photobucket.com,1939-08-25,$2a$10$88lcjd3vUiq726FP/CQ4bulKQrTcFZvtI9WbZaF4N8rxwVzPWbnQa,17N4vi16wpCxfkLQvE6JT4uK8wsfMQwcZi,4,2023-07-14T16:04:57.072Z
594,crickaert2l,Cristin,Rickaert,crickaert2l@blogspot.com,1992-01-01,$2a$10$88lcjd3vUiq726FP/CQ4bulKQrTcFZvtI9WbZaF4N8rxwVzPWbnQa,1AY7YgDE4WBuK616zoECLbBsgXKH1hjsm7,4,2023-07-14T16:04:57.072Z
595,wzmitrichenko2m,Wandie,Zmitrichenko,wzmitrichenko2m@wiley.com,1980-09-11,$2a$10$88lcjd3vUiq726FP/CQ4bulKQrTcFZvtI9WbZaF4N8rxwVzPWbnQa,1EfBMsSFkfmUeXxiUPxytoFeMnjMnAbZuS,4,2023-07-14T16:04:57.072Z
596,mpirelli2n,Mitch,Pirelli,mpirelli2n@senate.gov,1940-05-24,$2a$10$88lcjd3vUiq726FP/CQ4bulKQrTcFZvtI9WbZaF4N8rxwVzPWbnQa,1JiFW8pzLBgXqV4dGFT5B7T6iPHaNgXBcJ,4,2023-07-14T16:04:57.072Z
597,agehrels2o,Ashely,Gehrels,agehrels2o@vinaora.com,2004-07-07,$2a$10$88lcjd3vUiq726FP/CQ4bulKQrTcFZvtI9WbZaF4N8rxwVzPWbnQa,1AVHFRiKGzJhPjR3rmsnDbY3DAZjF1kDy5,4,2023-07-14T16:04:57.072Z
598,mrowcastle2p,Mel,Rowcastle,mrowcastle2p@ted.com,1958-11-15,$2a$10$88lcjd3vUiq726FP/CQ4bulKQrTcFZvtI9WbZaF4N8rxwVzPWbnQa,1B6LGzV26tuMa3bgugaXBRTE69SHHGXTmm,4,2023-07-14T16:04:57.072Z
599,abuxcy2q,Abelard,Buxcy,abuxcy2q@oaic.gov.au,1927-06-29,$2a$10$88lcjd3vUiq726FP/CQ4bulKQrTcFZvtI9WbZaF4N8rxwVzPWbnQa,1JLnvmujXugN8paR1ATK9MyzYosJ8ogjE2,4,2023-07-14T16:04:57.072Z
600,terley2r,Trixy,Erley,terley2r@cdbaby.com,1991-02-10,$2a$10$88lcjd3vUiq726FP/CQ4bulKQrTcFZvtI9WbZaF4N8rxwVzPWbnQa,1MbQc4WKDNWTYQ7gYeGDbwTctXRAgMBryQ,4,2023-07-14T16:04:57.072Z
601,ptezure2s,Prue,Tezure,ptezure2s@qq.com,1968-11-18,$2a$10$88lcjd3vUiq726FP/CQ4bulKQrTcFZvtI9WbZaF4N8rxwVzPWbnQa,1Moa9fvM7tvFd1YoMUa53wQ2mNxyWyUcHg,4,2023-07-14T16:04:57.072Z
602,csteward2t,Celestia,Steward,csteward2t@linkedin.com,1941-11-14,$2a$10$88lcjd3vUiq726FP/CQ4bulKQrTcFZvtI9WbZaF4N8rxwVzPWbnQa,15WW57NGuHkCxqJr8aAfeqZzPrxjtDuyH7,4,2023-07-14T16:04:57.072Z
603,dduffrie2u,Dewain,Duffrie,dduffrie2u@netlog.com,1989-05-03,$2a$10$88lcjd3vUiq726FP/CQ4bulKQrTcFZvtI9WbZaF4N8rxwVzPWbnQa,152avXcNbRbLEiYXQxRbABsKNDDEgjdNhA,4,2023-07-14T16:04:57.072Z
604,wstanett2v,Wit,Stanett,wstanett2v@shutterfly.com,1982-04-07,$2a$10$88lcjd3vUiq726FP/CQ4bulKQrTcFZvtI9WbZaF4N8rxwVzPWbnQa,1EPZbecdyMw2aSUDbo7GbAoeQAArk3dJjV,4,2023-07-14T16:04:57.072Z
605,jbienvenu2w,Jelene,Bienvenu,jbienvenu2w@instagram.com,1973-03-30,$2a$10$88lcjd3vUiq726FP/CQ4bulKQrTcFZvtI9WbZaF4N8rxwVzPWbnQa,1ETu4kPZ1kwcMiLWAzXS6f9jCpdLfyjDVf,4,2023-07-14T16:04:57.072Z
606,gfullman2x,Ginnifer,Fullman,gfullman2x@taobao.com,1932-06-19,$2a$10$88lcjd3vUiq726FP/CQ4bulKQrTcFZvtI9WbZaF4N8rxwVzPWbnQa,1NiACJNsZUHrxJJYR6dgEMtNgFndx1gmFG,4,2023-07-14T16:04:57.072Z
607,mlowater2y,Mitchel,Lowater,mlowater2y@europa.eu,1993-01-09,$2a$10$88lcjd3vUiq726FP/CQ4bulKQrTcFZvtI9WbZaF4N8rxwVzPWbnQa,1488GK8BthLbhcixHvvkTjMjUuQofTfTeR,4,2023-07-14T16:04:57.072Z
608,cbohan2z,Cristian,Bohan,cbohan2z@simplemachines.org,1992-03-26,$2a$10$88lcjd3vUiq726FP/CQ4bulKQrTcFZvtI9WbZaF4N8rxwVzPWbnQa,18jG2dm1EATGWvptdAf3dQVyyYNjQF5pAR,4,2023-07-14T16:04:57.072Z
609,gmeasor30,Grannie,Measor,gmeasor30@netscape.com,1982-12-24,$2a$10$88lcjd3vUiq726FP/CQ4bulKQrTcFZvtI9WbZaF4N8rxwVzPWbnQa,1PsLyeeYMQxmRo51F1PSLtW8wCoLSkhECZ,4,2023-07-14T16:04:57.072Z
610,tlinge31,Torr,Linge,tlinge31@china.com.cn,1970-05-07,$2a$10$88lcjd3vUiq726FP/CQ4bulKQrTcFZvtI9WbZaF4N8rxwVzPWbnQa,1NbVw8jgtPvbXwjoNLZAv2gj8BVbhXLQC,4,2023-07-14T16:04:57.072Z
611,amathet32,Averill,Mathet,amathet32@alexa.com,2001-10-18,$2a$10$88lcjd3vUiq726FP/CQ4bulKQrTcFZvtI9WbZaF4N8rxwVzPWbnQa,18r6rZjj2GNULyQKqTxSnYVBHXwV79zcW,4,2023-07-14T16:04:57.072Z
612,aeasterby33,Ashley,Easterby,aeasterby33@hc360.com,1954-01-22,$2a$10$88lcjd3vUiq726FP/CQ4bulKQrTcFZvtI9WbZaF4N8rxwVzPWbnQa,14Pv4PZ4xYqYJWsgptuGyTCEXqDHXs6Moe,4,2023-07-14T16:04:57.072Z
613,cdanbye34,Charley,Danbye,cdanbye34@biblegateway.com,1940-04-25,$2a$10$88lcjd3vUiq726FP/CQ4bulKQrTcFZvtI9WbZaF4N8rxwVzPWbnQa,1BG8XQuoJtD4Q9JVSP9Hnv12LsTjKnGvjy,4,2023-07-14T16:04:57.072Z
614,mskase35,Maddalena,Skase,mskase35@addtoany.com,1986-04-30,$2a$10$88lcjd3vUiq726FP/CQ4bulKQrTcFZvtI9WbZaF4N8rxwVzPWbnQa,1ERm9nRvqo6dVqqBrMKJZTvLPnNNtcyfy3,4,2023-07-14T16:04:57.072Z
615,ioriordan36,Ingamar,O'Riordan,ioriordan36@canalblog.com,1982-11-05,$2a$10$88lcjd3vUiq726FP/CQ4bulKQrTcFZvtI9WbZaF4N8rxwVzPWbnQa,1B9WCT3QQ2nEUYrot8bF3ENVpMHSeKw2ZB,4,2023-07-14T16:04:57.072Z
616,avedyashkin37,Aldon,Vedyashkin,avedyashkin37@github.io,1928-10-13,$2a$10$88lcjd3vUiq726FP/CQ4bulKQrTcFZvtI9WbZaF4N8rxwVzPWbnQa,1MCxnLfcaGZRm9uVZRCE13DX45h9kNJQQE,4,2023-07-14T16:04:57.072Z
617,lblowick38,Lorne,Blowick,lblowick38@deliciousdays.com,1983-09-14,$2a$10$88lcjd3vUiq726FP/CQ4bulKQrTcFZvtI9WbZaF4N8rxwVzPWbnQa,1PNHhXbrwyZdeMRah33HCBJpC2DFrGivC1,4,2023-07-14T16:04:57.072Z
618,ikerrod39,Isidore,Kerrod,ikerrod39@yellowpages.com,1934-11-05,$2a$10$88lcjd3vUiq726FP/CQ4bulKQrTcFZvtI9WbZaF4N8rxwVzPWbnQa,1ChnDzRtz85aT9z9zRDiK314jzDArnisP6,4,2023-07-14T16:04:57.072Z
619,bcornier3a,Byron,Cornier,bcornier3a@disqus.com,1929-02-27,$2a$10$88lcjd3vUiq726FP/CQ4bulKQrTcFZvtI9WbZaF4N8rxwVzPWbnQa,1AgcPK1RTZkAF6PYRk2nKmRRMzDPNKsjQG,4,2023-07-14T16:04:57.072Z
620,jspraggon3b,Jenilee,Spraggon,jspraggon3b@businessinsider.com,1971-05-01,$2a$10$88lcjd3vUiq726FP/CQ4bulKQrTcFZvtI9WbZaF4N8rxwVzPWbnQa,1C6dhTWnWV4L2ZCWCjQsTmABcPuXD6LQxN,4,2023-07-14T16:04:57.072Z
621,mgodleman3c,Monro,Godleman,mgodleman3c@gizmodo.com,1989-07-28,$2a$10$88lcjd3vUiq726FP/CQ4bulKQrTcFZvtI9WbZaF4N8rxwVzPWbnQa,15vRfR8jh6fAsvoTvxMNCbeVFLpcNtCEMh,4,2023-07-14T16:04:57.072Z
622,storbard3d,Shannah,Torbard,storbard3d@jimdo.com,1990-10-22,$2a$10$88lcjd3vUiq726FP/CQ4bulKQrTcFZvtI9WbZaF4N8rxwVzPWbnQa,19QNfhzRkKVV8s3utistn39vpK7ZiWwke5,4,2023-07-14T16:04:57.072Z
623,hbrafield3e,Hinze,Brafield,hbrafield3e@nih.gov,1968-06-06,$2a$10$88lcjd3vUiq726FP/CQ4bulKQrTcFZvtI9WbZaF4N8rxwVzPWbnQa,1AvT7viy2R3K6Hm5koGxzBXPWxW7ecHyW1,4,2023-07-14T16:04:57.072Z
624,ehindshaw3f,Edithe,Hindshaw,ehindshaw3f@freewebs.com,1980-05-18,$2a$10$88lcjd3vUiq726FP/CQ4bulKQrTcFZvtI9WbZaF4N8rxwVzPWbnQa,1AkP62VvETrsLfs9Sc4NYb4d9n7EWNuMB4,4,2023-07-14T16:04:57.072Z
625,dmcgray3g,Dody,McGray,dmcgray3g@washington.edu,1953-02-23,$2a$10$88lcjd3vUiq726FP/CQ4bulKQrTcFZvtI9WbZaF4N8rxwVzPWbnQa,1L3ZjoiGmyRd6L1EJBB2UDwYz91U3ue6cL,4,2023-07-14T16:04:57.072Z
626,demnoney3h,Dusty,Emnoney,demnoney3h@sun.com,1974-01-20,$2a$10$88lcjd3vUiq726FP/CQ4bulKQrTcFZvtI9WbZaF4N8rxwVzPWbnQa,1AHLJvfZsLeosQYV1KCTm5PYLRKfZWBxrJ,4,2023-07-14T16:04:57.072Z
627,vmacavddy3i,Vanda,MacAvddy,vmacavddy3i@flickr.com,1955-04-06,$2a$10$88lcjd3vUiq726FP/CQ4bulKQrTcFZvtI9WbZaF4N8rxwVzPWbnQa,1HcvgZAdsJKmmSysqm6qrrsh4kAKBuD2Kc,4,2023-07-14T16:04:57.072Z
628,jallmen3j,Jervis,Allmen,jallmen3j@merriam-webster.com,1962-03-01,$2a$10$88lcjd3vUiq726FP/CQ4bulKQrTcFZvtI9WbZaF4N8rxwVzPWbnQa,1NkMtQotngAZh17hahYibi4vL9tvwXVtnJ,4,2023-07-14T16:04:57.072Z
629,kgarrique3k,Kale,Garrique,kgarrique3k@bbb.org,1969-07-10,$2a$10$88lcjd3vUiq726FP/CQ4bulKQrTcFZvtI9WbZaF4N8rxwVzPWbnQa,19XDcbDdsgxN7FVYFw6hJWMcxncFJN1onX,4,2023-07-14T16:04:57.072Z
630,mbauldry3l,Muriel,Bauldry,mbauldry3l@free.fr,1985-01-06,$2a$10$88lcjd3vUiq726FP/CQ4bulKQrTcFZvtI9WbZaF4N8rxwVzPWbnQa,1Em88hnjBS6UVLNiWXYDKGLA3E273bFuHk,4,2023-07-14T16:04:57.072Z
631,kbravey3m,Kimbell,Bravey,kbravey3m@netvibes.com,1941-09-20,$2a$10$88lcjd3vUiq726FP/CQ4bulKQrTcFZvtI9WbZaF4N8rxwVzPWbnQa,14nWcPQEyvdXsCfAU5KXKjNuTTzHRZZPrJ,4,2023-07-14T16:04:57.072Z
632,nlawford3n,Nicolais,Lawford,nlawford3n@usatoday.com,1940-10-31,$2a$10$88lcjd3vUiq726FP/CQ4bulKQrTcFZvtI9WbZaF4N8rxwVzPWbnQa,1KNongPQkQVZHeKKTMTFPZ7QS2f8kW2sfd,4,2023-07-14T16:04:57.072Z
633,mdeverell3o,Marrilee,Deverell,mdeverell3o@nationalgeographic.com,1983-07-17,$2a$10$88lcjd3vUiq726FP/CQ4bulKQrTcFZvtI9WbZaF4N8rxwVzPWbnQa,1HVwCitEupFLGHyeyYgZXSpPYWRjaYnWnM,4,2023-07-14T16:04:57.072Z
634,aospellissey3p,Antonietta,O'Spellissey,aospellissey3p@cbc.ca,1987-10-24,$2a$10$88lcjd3vUiq726FP/CQ4bulKQrTcFZvtI9WbZaF4N8rxwVzPWbnQa,1LQqgAPdti7q9yMgowrWxKn3JiV2mz7K1r,4,2023-07-14T16:04:57.072Z
635,vdrewitt3q,Vonnie,Drewitt,vdrewitt3q@amazon.com,1974-09-26,$2a$10$88lcjd3vUiq726FP/CQ4bulKQrTcFZvtI9WbZaF4N8rxwVzPWbnQa,1Q3QPxF4wWTLVbTHZWYUx1kGaHGXJifoJa,4,2023-07-14T16:04:57.072Z
636,bsharrier3r,Brooks,Sharrier,bsharrier3r@mtv.com,1984-02-23,$2a$10$88lcjd3vUiq726FP/CQ4bulKQrTcFZvtI9WbZaF4N8rxwVzPWbnQa,1PXoYSddNdzaafLscxYdKFPTAmyDk8mYim,4,2023-07-14T16:04:57.072Z
637,ekumar3s,Ettie,Kumar,ekumar3s@paypal.com,1955-08-22,$2a$10$88lcjd3vUiq726FP/CQ4bulKQrTcFZvtI9WbZaF4N8rxwVzPWbnQa,1LXkGujPxRMSMLxep2XJjUQZTfyn4RbX4o,4,2023-07-14T16:04:57.072Z
638,ftussaine3t,Farlie,Tussaine,ftussaine3t@smh.com.au,1990-09-15,$2a$10$88lcjd3vUiq726FP/CQ4bulKQrTcFZvtI9WbZaF4N8rxwVzPWbnQa,18wQUbZ1MvnWpnvtm9UUwUwHLZnprpyw3N,4,2023-07-14T16:04:57.072Z
639,hwilkennson3u,Heloise,Wilkennson,hwilkennson3u@howstuffworks.com,1970-01-31,$2a$10$88lcjd3vUiq726FP/CQ4bulKQrTcFZvtI9WbZaF4N8rxwVzPWbnQa,1CKH14RxNrJhR7FvWN73o4FEBqvp11UWws,4,2023-07-14T16:04:57.072Z
640,jspearett3v,Josselyn,Spearett,jspearett3v@deliciousdays.com,1948-12-10,$2a$10$88lcjd3vUiq726FP/CQ4bulKQrTcFZvtI9WbZaF4N8rxwVzPWbnQa,134SU2Zcn4FzDYa18TiAQjzhJDRht3VPpP,4,2023-07-14T16:04:57.072Z
641,pcuncliffe3w,Pace,Cuncliffe,pcuncliffe3w@pbs.org,1954-04-02,$2a$10$88lcjd3vUiq726FP/CQ4bulKQrTcFZvtI9WbZaF4N8rxwVzPWbnQa,1CgcugX5QmpS8VEtnhHE3PzQfLSCFmvx4V,4,2023-07-14T16:04:57.072Z
642,eprier3x,Eleen,Prier,eprier3x@ted.com,1989-10-13,$2a$10$88lcjd3vUiq726FP/CQ4bulKQrTcFZvtI9WbZaF4N8rxwVzPWbnQa,1DdAMDCJMze55ueBzFQy3ikcwrPN7VBgz9,4,2023-07-14T16:04:57.072Z
643,dlovell3y,Dorian,Lovell,dlovell3y@myspace.com,1961-10-05,$2a$10$88lcjd3vUiq726FP/CQ4bulKQrTcFZvtI9WbZaF4N8rxwVzPWbnQa,1JziVYkTNmyCJmhWBX8axbbUdG3J438p17,4,2023-07-14T16:04:57.072Z
644,mdoghartie3z,Madalena,Doghartie,mdoghartie3z@huffingtonpost.com,1977-12-09,$2a$10$88lcjd3vUiq726FP/CQ4bulKQrTcFZvtI9WbZaF4N8rxwVzPWbnQa,1NNpes9Z4DMpxCutXM2NPPo32YKHiPvAAr,4,2023-07-14T16:04:57.072Z
645,bgolston40,Barry,Golston,bgolston40@ibm.com,1953-01-05,$2a$10$88lcjd3vUiq726FP/CQ4bulKQrTcFZvtI9WbZaF4N8rxwVzPWbnQa,198QwJFNL9rfa9zC5rDgdfAW7NpVanWspP,4,2023-07-14T16:04:57.072Z
646,tcolbrun41,Tally,Colbrun,tcolbrun41@reuters.com,1941-05-30,$2a$10$88lcjd3vUiq726FP/CQ4bulKQrTcFZvtI9WbZaF4N8rxwVzPWbnQa,1MzcwXHf2HG2fYub3odbJDH2HW4Z4gcXhW,4,2023-07-14T16:04:57.072Z
647,mdearle42,Mick,Dearle,mdearle42@reference.com,1988-01-13,$2a$10$88lcjd3vUiq726FP/CQ4bulKQrTcFZvtI9WbZaF4N8rxwVzPWbnQa,1CWh9CEJ5Vco71pavm2MYGToLkvvu1GfzV,4,2023-07-14T16:04:57.072Z
648,ggatward43,Gayelord,Gatward,ggatward43@zdnet.com,1996-05-17,$2a$10$88lcjd3vUiq726FP/CQ4bulKQrTcFZvtI9WbZaF4N8rxwVzPWbnQa,14fjbjoA7kf8jze259jKJ1Ytpro72fNULp,4,2023-07-14T16:04:57.072Z
649,epfaff44,Ermanno,Pfaff,epfaff44@goo.ne.jp,1955-08-08,$2a$10$88lcjd3vUiq726FP/CQ4bulKQrTcFZvtI9WbZaF4N8rxwVzPWbnQa,1HANtNPR3AMNd3k5DeQ1j53U9GBcs99oaf,4,2023-07-14T16:04:57.072Z
650,tantunez45,Trev,Antunez,tantunez45@soundcloud.com,2001-07-28,$2a$10$88lcjd3vUiq726FP/CQ4bulKQrTcFZvtI9WbZaF4N8rxwVzPWbnQa,131rwRMoQP5wCLCNUzdrZqxRV4xEKkDt8L,4,2023-07-14T16:04:57.072Z
651,smeatyard46,Salaidh,Meatyard,smeatyard46@123-reg.co.uk,1993-04-16,$2a$10$88lcjd3vUiq726FP/CQ4bulKQrTcFZvtI9WbZaF4N8rxwVzPWbnQa,1KEPthSNpM6TedaXS8x5NKXs4HHjYYEr8h,4,2023-07-14T16:04:57.072Z
652,fzambonini47,Fabiano,Zambonini,fzambonini47@tuttocitta.it,1947-03-07,$2a$10$88lcjd3vUiq726FP/CQ4bulKQrTcFZvtI9WbZaF4N8rxwVzPWbnQa,1Q5GFTAonCbZSK8jCu94S9MNCYjYJdad1L,4,2023-07-14T16:04:57.072Z
653,jmccarroll48,Jo-anne,McCarroll,jmccarroll48@cbsnews.com,1939-10-24,$2a$10$88lcjd3vUiq726FP/CQ4bulKQrTcFZvtI9WbZaF4N8rxwVzPWbnQa,1LjGdQ53nhxwFkEwrbdrVmPrQQBemJFNN8,4,2023-07-14T16:04:57.072Z
654,kstirgess49,Kippie,Stirgess,kstirgess49@sohu.com,1992-12-08,$2a$10$88lcjd3vUiq726FP/CQ4bulKQrTcFZvtI9WbZaF4N8rxwVzPWbnQa,14gsEQ6HyojgDRDC6rY9gdnJPY23tFaL9H,4,2023-07-14T16:04:57.072Z
655,tseccombe4a,Tam,Seccombe,tseccombe4a@ocn.ne.jp,1946-02-26,$2a$10$88lcjd3vUiq726FP/CQ4bulKQrTcFZvtI9WbZaF4N8rxwVzPWbnQa,1GPhfRoXTAmtLi7MijUYW6fzxE8Zsf257n,4,2023-07-14T16:04:57.072Z
656,ssenton4b,Staford,Senton,ssenton4b@salon.com,1968-03-06,$2a$10$88lcjd3vUiq726FP/CQ4bulKQrTcFZvtI9WbZaF4N8rxwVzPWbnQa,1CvLD9BqN7cmGprwGTsm6RELTskrGnRMzw,4,2023-07-14T16:04:57.072Z
657,hrobez4c,Hildy,Robez,hrobez4c@typepad.com,1999-12-30,$2a$10$88lcjd3vUiq726FP/CQ4bulKQrTcFZvtI9WbZaF4N8rxwVzPWbnQa,12KtCznffDXcWq5FYcE2UupsjAWWDVzXEr,4,2023-07-14T16:04:57.072Z
658,hmcneice4d,Harrietta,McNeice,hmcneice4d@wired.com,1997-03-15,$2a$10$88lcjd3vUiq726FP/CQ4bulKQrTcFZvtI9WbZaF4N8rxwVzPWbnQa,1PtJoj5G1D63ZgpNHpwUgikALbBdGonaGp,4,2023-07-14T16:04:57.072Z
659,ciredell4e,Carmon,Iredell,ciredell4e@google.cn,1938-07-15,$2a$10$88lcjd3vUiq726FP/CQ4bulKQrTcFZvtI9WbZaF4N8rxwVzPWbnQa,15HRoZdwNh4fnectTuMUbUezB9iSR7qAQR,4,2023-07-14T16:04:57.072Z
660,kdurrett4f,Karoly,Durrett,kdurrett4f@multiply.com,1927-11-13,$2a$10$88lcjd3vUiq726FP/CQ4bulKQrTcFZvtI9WbZaF4N8rxwVzPWbnQa,12hfmPUggXUee3XUivWbVrCF86iMn8aHic,4,2023-07-14T16:04:57.072Z
661,lbubb4g,Leslie,Bubb,lbubb4g@unesco.org,2004-06-16,$2a$10$88lcjd3vUiq726FP/CQ4bulKQrTcFZvtI9WbZaF4N8rxwVzPWbnQa,1DVXzSQkJY3JcqhJkv9jcmVt4PuzGW2r5Z,4,2023-07-14T16:04:57.072Z
662,ccoche4h,Chilton,Coche,ccoche4h@cisco.com,1925-07-02,$2a$10$88lcjd3vUiq726FP/CQ4bulKQrTcFZvtI9WbZaF4N8rxwVzPWbnQa,1iKazCAWQCvbQgG3sQfnpAc5DpuWDYJKb,4,2023-07-14T16:04:57.072Z
663,lskentelbery4i,Leann,Skentelbery,lskentelbery4i@home.pl,1964-02-09,$2a$10$88lcjd3vUiq726FP/CQ4bulKQrTcFZvtI9WbZaF4N8rxwVzPWbnQa,17ZfvbdTJDnyzeF5jWkADnp9WXoEumwoZv,4,2023-07-14T16:04:57.072Z
664,btremonte4j,Belia,Tremonte,btremonte4j@theatlantic.com,1995-08-18,$2a$10$88lcjd3vUiq726FP/CQ4bulKQrTcFZvtI9WbZaF4N8rxwVzPWbnQa,17gS5ddyhmuuPRVaxTn2gVZNcp1Gtrzjiw,4,2023-07-14T16:04:57.072Z
665,igapp4k,Isaak,Gapp,igapp4k@marketwatch.com,1973-08-05,$2a$10$88lcjd3vUiq726FP/CQ4bulKQrTcFZvtI9WbZaF4N8rxwVzPWbnQa,1Boy4S7ocL2sVfGMrwTsNoCebpuLN1mV4R,4,2023-07-14T16:04:57.072Z
666,gidiens4l,Gloria,Idiens,gidiens4l@prweb.com,1927-08-07,$2a$10$88lcjd3vUiq726FP/CQ4bulKQrTcFZvtI9WbZaF4N8rxwVzPWbnQa,1NMEpfSo8qsTxhiqvmtjkvQg8BsnRuA5Dk,4,2023-07-14T16:04:57.072Z
667,aevenden4m,Amargo,Evenden,aevenden4m@icio.us,1926-01-17,$2a$10$88lcjd3vUiq726FP/CQ4bulKQrTcFZvtI9WbZaF4N8rxwVzPWbnQa,123TdZS8FGuBzdXbKuvjcwtkDGyCTHhGYi,4,2023-07-14T16:04:57.072Z
668,hmackley4n,Hilario,Mackley,hmackley4n@t.co,1938-07-20,$2a$10$88lcjd3vUiq726FP/CQ4bulKQrTcFZvtI9WbZaF4N8rxwVzPWbnQa,19K8GhXnxuckf9NrBcBRHho5YhcfAKF7oh,4,2023-07-14T16:04:57.072Z
669,scasol4o,Saunder,Casol,scasol4o@godaddy.com,1983-05-01,$2a$10$88lcjd3vUiq726FP/CQ4bulKQrTcFZvtI9WbZaF4N8rxwVzPWbnQa,16LCLE1VCoK8pdYFQxh6uwQBA5yoFruxth,4,2023-07-14T16:04:57.072Z
670,yondrusek4p,Ynez,Ondrusek,yondrusek4p@elegantthemes.com,1988-11-25,$2a$10$88lcjd3vUiq726FP/CQ4bulKQrTcFZvtI9WbZaF4N8rxwVzPWbnQa,1BsiNs8EgQ6ZeudBgrbBGjyG3zDdV4x6iW,4,2023-07-14T16:04:57.072Z
671,cpietrzak4q,Craggie,Pietrzak,cpietrzak4q@google.fr,1942-06-09,$2a$10$88lcjd3vUiq726FP/CQ4bulKQrTcFZvtI9WbZaF4N8rxwVzPWbnQa,1NGqUhY944EM2jQtL1BF7VSfyLu15KFxjZ,4,2023-07-14T16:04:57.072Z
672,hhurll4r,Huntley,Hurll,hhurll4r@nih.gov,1924-09-05,$2a$10$88lcjd3vUiq726FP/CQ4bulKQrTcFZvtI9WbZaF4N8rxwVzPWbnQa,1Ab7k7eaZWx6oyUHx8Dv8bzokD1S4nZEE7,4,2023-07-14T16:04:57.072Z
673,nhannam4s,Nathalia,Hannam,nhannam4s@salon.com,1975-12-17,$2a$10$88lcjd3vUiq726FP/CQ4bulKQrTcFZvtI9WbZaF4N8rxwVzPWbnQa,1FRNzdDqu7z1VThfKBeQnJ8gxBVNh1APEX,4,2023-07-14T16:04:57.072Z
674,afeeley4t,Amandy,Feeley,afeeley4t@independent.co.uk,1965-11-01,$2a$10$88lcjd3vUiq726FP/CQ4bulKQrTcFZvtI9WbZaF4N8rxwVzPWbnQa,1MDy48Lh1LBY5g86TyrTtYbV5H3NsCw6br,4,2023-07-14T16:04:57.072Z
675,cbarracks4u,Casi,Barracks,cbarracks4u@seesaa.net,1973-05-11,$2a$10$88lcjd3vUiq726FP/CQ4bulKQrTcFZvtI9WbZaF4N8rxwVzPWbnQa,1Pha2XGKXQVqdCfX1N6zsDx4nRP974xX1s,4,2023-07-14T16:04:57.072Z
676,mshirer4v,Maritsa,Shirer,mshirer4v@ft.com,1979-03-24,$2a$10$88lcjd3vUiq726FP/CQ4bulKQrTcFZvtI9WbZaF4N8rxwVzPWbnQa,1EhJaHdWq8nLTVcGuStc56W6za1Q428jLL,4,2023-07-14T16:04:57.072Z
677,glist4w,Gail,List,glist4w@sbwire.com,1993-09-26,$2a$10$88lcjd3vUiq726FP/CQ4bulKQrTcFZvtI9WbZaF4N8rxwVzPWbnQa,1NpaWxiuCicNc4FT8G7uXwTAaFWTvafLua,4,2023-07-14T16:04:57.072Z
678,pleamy4x,Paulie,Leamy,pleamy4x@ameblo.jp,1982-01-25,$2a$10$88lcjd3vUiq726FP/CQ4bulKQrTcFZvtI9WbZaF4N8rxwVzPWbnQa,1HgoL77Z6akMjqesPtGBrm6wuYn55UccR7,4,2023-07-14T16:04:57.072Z
679,lwallis4y,Laraine,Wallis,lwallis4y@indiegogo.com,1983-06-18,$2a$10$88lcjd3vUiq726FP/CQ4bulKQrTcFZvtI9WbZaF4N8rxwVzPWbnQa,1n2iTF5RB3h4xnoQup65ghY1MXfPbkVib,4,2023-07-14T16:04:57.072Z
680,klavrinov4z,Krissie,Lavrinov,klavrinov4z@senate.gov,1929-11-04,$2a$10$88lcjd3vUiq726FP/CQ4bulKQrTcFZvtI9WbZaF4N8rxwVzPWbnQa,1LvJ3voesEzNUKZL5LaDp3CQugSZYisq1S,4,2023-07-14T16:04:57.072Z
681,ebarbosa50,Elie,Barbosa,ebarbosa50@sun.com,1935-06-13,$2a$10$88lcjd3vUiq726FP/CQ4bulKQrTcFZvtI9WbZaF4N8rxwVzPWbnQa,1KCefC4CgiXUZ9jiMKudj1vCuDYUL2Vjz4,4,2023-07-14T16:04:57.072Z
682,tscotsbrook51,Trueman,Scotsbrook,tscotsbrook51@addthis.com,1989-04-20,$2a$10$88lcjd3vUiq726FP/CQ4bulKQrTcFZvtI9WbZaF4N8rxwVzPWbnQa,1M1tvf8aZGx3yN6v5KeThW8hYBNG5Mp62f,4,2023-07-14T16:04:57.072Z
683,vgunstone52,Vinni,Gunstone,vgunstone52@reference.com,1985-11-28,$2a$10$88lcjd3vUiq726FP/CQ4bulKQrTcFZvtI9WbZaF4N8rxwVzPWbnQa,1638Kjxv27Pzs7oHcM9YpDRRegUYYQERmA,4,2023-07-14T16:04:57.072Z
684,ccolvill53,Caron,Colvill,ccolvill53@ted.com,2001-09-19,$2a$10$88lcjd3vUiq726FP/CQ4bulKQrTcFZvtI9WbZaF4N8rxwVzPWbnQa,16NA3HHqrMJSpps8e7LfsTAdNjWbyE1cCD,4,2023-07-14T16:04:57.072Z
685,cschultze54,Cornie,Schultze,cschultze54@dot.gov,1934-04-01,$2a$10$88lcjd3vUiq726FP/CQ4bulKQrTcFZvtI9WbZaF4N8rxwVzPWbnQa,14J3H4Q4YCNYy4DFD6VUCYx9jociix7WZQ,4,2023-07-14T16:04:57.072Z
686,cgamblin55,Colas,Gamblin,cgamblin55@auda.org.au,1930-07-29,$2a$10$88lcjd3vUiq726FP/CQ4bulKQrTcFZvtI9WbZaF4N8rxwVzPWbnQa,1NCFEd5qKGV4AQtTTqvGsddN1U3etScijM,4,2023-07-14T16:04:57.072Z
687,jlowres56,Julio,Lowres,jlowres56@vimeo.com,1924-04-29,$2a$10$88lcjd3vUiq726FP/CQ4bulKQrTcFZvtI9WbZaF4N8rxwVzPWbnQa,1Cc3yG8otUMue7eD9YsXUn8v7VhjHciDFh,4,2023-07-14T16:04:57.072Z
688,abrolan57,Art,Brolan,abrolan57@sitemeter.com,1961-03-26,$2a$10$88lcjd3vUiq726FP/CQ4bulKQrTcFZvtI9WbZaF4N8rxwVzPWbnQa,1B5TsG8KL32W2BXb1iYochabtKY5D5Fd7c,4,2023-07-14T16:04:57.072Z
689,sdye58,Star,Dye,sdye58@hud.gov,1972-10-02,$2a$10$88lcjd3vUiq726FP/CQ4bulKQrTcFZvtI9WbZaF4N8rxwVzPWbnQa,1QCa412hyyWgb2Uk8tFHzgeGgVbd7XQvYK,4,2023-07-14T16:04:57.072Z
690,fshower59,Frances,Shower,fshower59@hostgator.com,1957-09-24,$2a$10$88lcjd3vUiq726FP/CQ4bulKQrTcFZvtI9WbZaF4N8rxwVzPWbnQa,1LHtcJSMPipGVmiz3RZEvQL5CPP7ZHmkAi,4,2023-07-14T16:04:57.072Z
691,proll5a,Paquito,Roll,proll5a@irs.gov,1981-07-23,$2a$10$88lcjd3vUiq726FP/CQ4bulKQrTcFZvtI9WbZaF4N8rxwVzPWbnQa,16nnWGkXPbpLCSS7o16bc3a4kDWTk24EM4,4,2023-07-14T16:04:57.072Z
692,dhayles5b,Dulce,Hayles,dhayles5b@altervista.org,1929-02-18,$2a$10$88lcjd3vUiq726FP/CQ4bulKQrTcFZvtI9WbZaF4N8rxwVzPWbnQa,1BSUkobhp4rQ1Szvc3nwiERiCFzLu7hHdY,4,2023-07-14T16:04:57.072Z
693,rbelchamber5c,Rafaela,Belchamber,rbelchamber5c@e-recht24.de,1969-12-08,$2a$10$88lcjd3vUiq726FP/CQ4bulKQrTcFZvtI9WbZaF4N8rxwVzPWbnQa,1875xQfZ7UqaNneoow2P2WkGbgZnqMxpsV,4,2023-07-14T16:04:57.072Z
694,afullwood5d,Amye,Fullwood,afullwood5d@springer.com,1958-06-21,$2a$10$88lcjd3vUiq726FP/CQ4bulKQrTcFZvtI9WbZaF4N8rxwVzPWbnQa,1FRo5vHsoELtGeysXmDqbtGL94mrpmLA6s,4,2023-07-14T16:04:57.072Z
695,ndodle5e,Nickie,Dodle,ndodle5e@blogger.com,1936-06-07,$2a$10$88lcjd3vUiq726FP/CQ4bulKQrTcFZvtI9WbZaF4N8rxwVzPWbnQa,18ioVuUDcp9hYENe1nx1GRn75bumsNCtn3,4,2023-07-14T16:04:57.072Z
696,ldiaper5f,Lowell,Diaper,ldiaper5f@flavors.me,1958-10-27,$2a$10$88lcjd3vUiq726FP/CQ4bulKQrTcFZvtI9WbZaF4N8rxwVzPWbnQa,1FTHm9TjmmJjcVy3Za4xH8UVuAQqdf1Bxy,4,2023-07-14T16:04:57.072Z
697,bhyland5g,Bonnie,Hyland,bhyland5g@elpais.com,1955-05-30,$2a$10$88lcjd3vUiq726FP/CQ4bulKQrTcFZvtI9WbZaF4N8rxwVzPWbnQa,18qJ6M7sesYG6AhV3neD97mWQziSr3nre3,4,2023-07-14T16:04:57.072Z
698,wrobeson5h,Wood,Robeson,wrobeson5h@bigcartel.com,1964-12-10,$2a$10$88lcjd3vUiq726FP/CQ4bulKQrTcFZvtI9WbZaF4N8rxwVzPWbnQa,1AK1qRkf7hGwNanL3exW7qqfMAmC2Adwhk,4,2023-07-14T16:04:57.072Z
699,dmacgeaney5i,Dani,Mac Geaney,dmacgeaney5i@nbcnews.com,1934-02-23,$2a$10$88lcjd3vUiq726FP/CQ4bulKQrTcFZvtI9WbZaF4N8rxwVzPWbnQa,1DTzbWBpH9oxiUWkauPBmc6NX6QHrHSzcZ,4,2023-07-14T16:04:57.072Z
700,bdeveril5j,Berne,Deveril,bdeveril5j@mozilla.org,2001-12-04,$2a$10$88lcjd3vUiq726FP/CQ4bulKQrTcFZvtI9WbZaF4N8rxwVzPWbnQa,15hw2s2C24xaw1ZcpfYSnVCMsnFbGKGd2e,4,2023-07-14T16:04:57.072Z
701,arhymer5k,Akim,Rhymer,arhymer5k@techcrunch.com,1940-08-16,$2a$10$88lcjd3vUiq726FP/CQ4bulKQrTcFZvtI9WbZaF4N8rxwVzPWbnQa,1Gdhn1Y9pB9evXQuMB8J3fNUXJbvtPD3mm,4,2023-07-14T16:04:57.072Z
702,mcodeman5l,Mathe,Codeman,mcodeman5l@desdev.cn,1981-02-02,$2a$10$88lcjd3vUiq726FP/CQ4bulKQrTcFZvtI9WbZaF4N8rxwVzPWbnQa,172RQRGqT8HVHLgjqiBygPsBeXR3CEAH2Q,4,2023-07-14T16:04:57.072Z
703,lteaser5m,Loreen,Teaser,lteaser5m@columbia.edu,1952-11-22,$2a$10$88lcjd3vUiq726FP/CQ4bulKQrTcFZvtI9WbZaF4N8rxwVzPWbnQa,18hd3CB5gP6wNCdRkNTaxAZKiFc15Mmrta,4,2023-07-14T16:04:57.072Z
704,cfilipponi5n,Cassandry,Filipponi,cfilipponi5n@intel.com,1993-01-19,$2a$10$88lcjd3vUiq726FP/CQ4bulKQrTcFZvtI9WbZaF4N8rxwVzPWbnQa,19bM4Yi5r54bghzmoMVfEmXEFpYfJgaK1P,4,2023-07-14T16:04:57.072Z
705,gharden5o,Gabriel,Harden,gharden5o@netscape.com,1930-12-25,$2a$10$88lcjd3vUiq726FP/CQ4bulKQrTcFZvtI9WbZaF4N8rxwVzPWbnQa,1Cvt5UmfAt47BYx9iUnFE2Wn4q516XHQ2b,4,2023-07-14T16:04:57.072Z
706,pfridaye5p,Pepita,Fridaye,pfridaye5p@chicagotribune.com,1939-09-05,$2a$10$88lcjd3vUiq726FP/CQ4bulKQrTcFZvtI9WbZaF4N8rxwVzPWbnQa,1EKa5XeMdrScHWLnPyXVb5xkEu6GXQ4tGx,4,2023-07-14T16:04:57.072Z
707,dtschirschky5q,Denney,Tschirschky,dtschirschky5q@hp.com,1958-08-04,$2a$10$88lcjd3vUiq726FP/CQ4bulKQrTcFZvtI9WbZaF4N8rxwVzPWbnQa,13mZU281GNL2nhbhYEK2Z36E4Cxz4HXXkp,4,2023-07-14T16:04:57.072Z
708,ctapp5r,Clarabelle,Tapp,ctapp5r@boston.com,1929-03-23,$2a$10$88lcjd3vUiq726FP/CQ4bulKQrTcFZvtI9WbZaF4N8rxwVzPWbnQa,17o9VbgPAuvuCCb9ifnLa3vFd5iKJ9Eye8,4,2023-07-14T16:04:57.072Z
709,wsmeed5s,Whittaker,Smeed,wsmeed5s@google.ru,1995-02-23,$2a$10$88lcjd3vUiq726FP/CQ4bulKQrTcFZvtI9WbZaF4N8rxwVzPWbnQa,13ygoQ6bPAFWLysuaurpV4eDkuPkEqtFc3,4,2023-07-14T16:04:57.072Z
710,abootman5t,Ailbert,Bootman,abootman5t@ihg.com,1981-08-18,$2a$10$88lcjd3vUiq726FP/CQ4bulKQrTcFZvtI9WbZaF4N8rxwVzPWbnQa,1kkKYMhMoFtr89r1Nm1UPPHPggFCYgh6A,4,2023-07-14T16:04:57.072Z
711,pvarndell5u,Philippa,Varndell,pvarndell5u@hibu.com,2004-05-31,$2a$10$88lcjd3vUiq726FP/CQ4bulKQrTcFZvtI9WbZaF4N8rxwVzPWbnQa,1K2VRKqMufNBHUpRnB5FtQdayTRNv2Tj63,4,2023-07-14T16:04:57.072Z
712,ncockin5v,Nikki,Cockin,ncockin5v@archive.org,1939-02-13,$2a$10$88lcjd3vUiq726FP/CQ4bulKQrTcFZvtI9WbZaF4N8rxwVzPWbnQa,1QErjpxhEYevrEjWqsATCoKPotrjcCUZTS,4,2023-07-14T16:04:57.072Z
713,hgadie5w,Harriette,Gadie,hgadie5w@delicious.com,1997-10-09,$2a$10$88lcjd3vUiq726FP/CQ4bulKQrTcFZvtI9WbZaF4N8rxwVzPWbnQa,1AnVBrXUe2YbdUBN9eVJ53QTZh62s2wtGo,4,2023-07-14T16:04:57.072Z
714,ljeynes5x,Lillian,Jeynes,ljeynes5x@wordpress.com,1972-05-05,$2a$10$88lcjd3vUiq726FP/CQ4bulKQrTcFZvtI9WbZaF4N8rxwVzPWbnQa,17z3jfqdyuidQKcQAzTmxAcJtvj7hemm5q,4,2023-07-14T16:04:57.072Z
715,hlambillion5y,Humberto,Lambillion,hlambillion5y@china.com.cn,2000-04-10,$2a$10$88lcjd3vUiq726FP/CQ4bulKQrTcFZvtI9WbZaF4N8rxwVzPWbnQa,16dDRR7hxZNspXoCJSBsBzGCXgxT3QS8wr,4,2023-07-14T16:04:57.072Z
716,bmcilvenny5z,Bondon,McIlvenny,bmcilvenny5z@seesaa.net,1957-02-18,$2a$10$88lcjd3vUiq726FP/CQ4bulKQrTcFZvtI9WbZaF4N8rxwVzPWbnQa,16zLuZqVUZyeQiyTSrWL3D25VqbiWa4b8q,4,2023-07-14T16:04:57.072Z
717,adowse60,Andrea,Dowse,adowse60@google.com.au,1974-11-18,$2a$10$88lcjd3vUiq726FP/CQ4bulKQrTcFZvtI9WbZaF4N8rxwVzPWbnQa,1GYbfwWMJTR3cScMje46EmNTDsmbd8W2EA,4,2023-07-14T16:04:57.072Z
718,vgerardeaux61,Vera,Gerardeaux,vgerardeaux61@nsw.gov.au,1934-11-20,$2a$10$88lcjd3vUiq726FP/CQ4bulKQrTcFZvtI9WbZaF4N8rxwVzPWbnQa,1HRVnQAJwJin2WiCP7izNjhSdZuXuLsPDR,4,2023-07-14T16:04:57.072Z
719,bbleasdille62,Barry,Bleasdille,bbleasdille62@arizona.edu,1976-04-12,$2a$10$88lcjd3vUiq726FP/CQ4bulKQrTcFZvtI9WbZaF4N8rxwVzPWbnQa,16RQwGNXtaWTqq1UC96haYkR3qfQvjuFdo,4,2023-07-14T16:04:57.072Z
720,mrolles63,Michale,Rolles,mrolles63@weather.com,1990-02-13,$2a$10$88lcjd3vUiq726FP/CQ4bulKQrTcFZvtI9WbZaF4N8rxwVzPWbnQa,195rXorjqprteLQpGQccCsch5SbBxfowv9,4,2023-07-14T16:04:57.072Z
721,smcgirr64,Sindee,McGirr,smcgirr64@weebly.com,1954-06-17,$2a$10$88lcjd3vUiq726FP/CQ4bulKQrTcFZvtI9WbZaF4N8rxwVzPWbnQa,1P3Aw3dYsmYQkNQ97tsNmSqEQnncZS13in,4,2023-07-14T16:04:57.072Z
722,blafford65,Babara,Lafford,blafford65@uol.com.br,1938-11-26,$2a$10$88lcjd3vUiq726FP/CQ4bulKQrTcFZvtI9WbZaF4N8rxwVzPWbnQa,1HUW2XqLfUcyowZnBE9Mf6AKcfVM6jh4kk,4,2023-07-14T16:04:57.072Z
723,bcastelot66,Bennie,Castelot,bcastelot66@w3.org,1970-03-29,$2a$10$88lcjd3vUiq726FP/CQ4bulKQrTcFZvtI9WbZaF4N8rxwVzPWbnQa,1EyMXNLh4BTmbV4BG7BVxzSYLhRwEmonsW,4,2023-07-14T16:04:57.072Z
724,pdellorto67,Putnem,Dell 'Orto,pdellorto67@domainmarket.com,1968-11-26,$2a$10$88lcjd3vUiq726FP/CQ4bulKQrTcFZvtI9WbZaF4N8rxwVzPWbnQa,12nTVanujfJGb7RgbNpnuRSGaTxDGAouLu,4,2023-07-14T16:04:57.072Z
725,zeade68,Zarah,Eade,zeade68@wisc.edu,1949-08-15,$2a$10$88lcjd3vUiq726FP/CQ4bulKQrTcFZvtI9WbZaF4N8rxwVzPWbnQa,1DiFAwf583TUKb1WccXHekiyP8dwQRS9K7,4,2023-07-14T16:04:57.072Z
726,sphifer69,Stanly,Phifer,sphifer69@artisteer.com,1944-03-23,$2a$10$88lcjd3vUiq726FP/CQ4bulKQrTcFZvtI9WbZaF4N8rxwVzPWbnQa,1JdXYs4Tjny3Dsk6sFksU81KjHp2tz27AG,4,2023-07-14T16:04:57.072Z
727,ptogher6a,Pernell,Togher,ptogher6a@last.fm,1972-04-11,$2a$10$88lcjd3vUiq726FP/CQ4bulKQrTcFZvtI9WbZaF4N8rxwVzPWbnQa,1AqKisJ6uSHqHL34cpZKtkuzcB57AWam6H,4,2023-07-14T16:04:57.072Z
728,gbullus6b,Gearard,Bullus,gbullus6b@themeforest.net,1947-11-24,$2a$10$88lcjd3vUiq726FP/CQ4bulKQrTcFZvtI9WbZaF4N8rxwVzPWbnQa,1CiiS7afZ4avfqJYMNQxfUiYEcr2RBmt8X,4,2023-07-14T16:04:57.072Z
729,smaccarroll6c,Skyler,MacCarroll,smaccarroll6c@infoseek.co.jp,1989-05-10,$2a$10$88lcjd3vUiq726FP/CQ4bulKQrTcFZvtI9WbZaF4N8rxwVzPWbnQa,1NonvUmdnCeJ8tk77ouzsEzfCG63jFVJ1X,4,2023-07-14T16:04:57.072Z
730,isaddington6d,Iorgos,Saddington,isaddington6d@ibm.com,1963-12-27,$2a$10$88lcjd3vUiq726FP/CQ4bulKQrTcFZvtI9WbZaF4N8rxwVzPWbnQa,1QJbMLscFWwtzcB6K7bhsEELJF7GGeJKeJ,4,2023-07-14T16:04:57.072Z
731,tsidebotham6e,Tony,Sidebotham,tsidebotham6e@deliciousdays.com,1958-06-10,$2a$10$88lcjd3vUiq726FP/CQ4bulKQrTcFZvtI9WbZaF4N8rxwVzPWbnQa,17Fp1qKsaKKEFayCkAK7kRo82ds6vEhy8z,4,2023-07-14T16:04:57.072Z
732,cmichelotti6f,Chrissy,Michelotti,cmichelotti6f@ft.com,1954-10-20,$2a$10$88lcjd3vUiq726FP/CQ4bulKQrTcFZvtI9WbZaF4N8rxwVzPWbnQa,12C9TvoR9b59Ef32GAHyEkAqFoJRfiJ4cx,4,2023-07-14T16:04:57.072Z
733,dmonery6g,Doralynn,Monery,dmonery6g@nps.gov,1966-04-15,$2a$10$88lcjd3vUiq726FP/CQ4bulKQrTcFZvtI9WbZaF4N8rxwVzPWbnQa,12SikTiG5N1bVM8ttJMCjwrx12XHda9SgA,4,2023-07-14T16:04:57.072Z
734,ldacres6h,Leisha,Dacres,ldacres6h@xing.com,1925-07-26,$2a$10$88lcjd3vUiq726FP/CQ4bulKQrTcFZvtI9WbZaF4N8rxwVzPWbnQa,1APs2QY1Rhf3Tk796z91tVhVHmx2YCQFaA,4,2023-07-14T16:04:57.072Z
735,yhaddrell6i,Yorker,Haddrell,yhaddrell6i@bizjournals.com,1975-09-16,$2a$10$88lcjd3vUiq726FP/CQ4bulKQrTcFZvtI9WbZaF4N8rxwVzPWbnQa,1GU6qdNtkBKGphTHgiSZvj2ZaXo1TjsJqG,4,2023-07-14T16:04:57.072Z
736,elacer6j,Emelina,Lacer,elacer6j@uol.com.br,1942-02-16,$2a$10$88lcjd3vUiq726FP/CQ4bulKQrTcFZvtI9WbZaF4N8rxwVzPWbnQa,1LodK6PPJmSHfAwTw5J4EXkxFUjLQaqc1P,4,2023-07-14T16:04:57.072Z
737,schampken6k,Silvie,Champken,schampken6k@storify.com,1952-09-05,$2a$10$88lcjd3vUiq726FP/CQ4bulKQrTcFZvtI9WbZaF4N8rxwVzPWbnQa,1Hbb9FmEv7Shq8tM5M6W2uQxqA9f9hUb9t,4,2023-07-14T16:04:57.072Z
738,dtwede6l,Darsey,Twede,dtwede6l@mediafire.com,1958-03-09,$2a$10$88lcjd3vUiq726FP/CQ4bulKQrTcFZvtI9WbZaF4N8rxwVzPWbnQa,18MxstyUiedZ4Za3kmrqDYjFD7TVkfEpsp,4,2023-07-14T16:04:57.072Z
739,gcoenraets6m,Gretta,Coenraets,gcoenraets6m@youku.com,1943-07-20,$2a$10$88lcjd3vUiq726FP/CQ4bulKQrTcFZvtI9WbZaF4N8rxwVzPWbnQa,1BbAJXCZa2H7Vsi16CtjnMgosRtbqSAJDe,4,2023-07-14T16:04:57.072Z
740,rgriswood6n,Reinhold,Griswood,rgriswood6n@bbb.org,1980-06-26,$2a$10$88lcjd3vUiq726FP/CQ4bulKQrTcFZvtI9WbZaF4N8rxwVzPWbnQa,19xc5FVMFUX1m2wsWypjNcbnsqEEdpqqkF,4,2023-07-14T16:04:57.072Z
741,slambard6o,Shelby,Lambard,slambard6o@ted.com,1968-02-08,$2a$10$88lcjd3vUiq726FP/CQ4bulKQrTcFZvtI9WbZaF4N8rxwVzPWbnQa,1554vLgnqt299odYkiw2mgS3uuRuH5NMU2,4,2023-07-14T16:04:57.072Z
742,chusselbee6p,Caz,Husselbee,chusselbee6p@mozilla.com,1930-09-10,$2a$10$88lcjd3vUiq726FP/CQ4bulKQrTcFZvtI9WbZaF4N8rxwVzPWbnQa,15HWQSuPdcCLq4UCGq8abQQikj9Qegr4p6,4,2023-07-14T16:04:57.072Z
743,soles6q,Sayres,Oles,soles6q@goo.gl,1999-06-30,$2a$10$88lcjd3vUiq726FP/CQ4bulKQrTcFZvtI9WbZaF4N8rxwVzPWbnQa,1DMmbpw47MinhnDuLFb2iDs4z6P4Z4MhL9,4,2023-07-14T16:04:57.072Z
744,pchristie6r,Pammie,Christie,pchristie6r@loc.gov,1989-02-18,$2a$10$88lcjd3vUiq726FP/CQ4bulKQrTcFZvtI9WbZaF4N8rxwVzPWbnQa,12AaaRQJhqBKyRfraAkPX4xnYxtE9WW5np,4,2023-07-14T16:04:57.072Z
745,vtwinning6s,Viviana,Twinning,vtwinning6s@noaa.gov,1972-03-09,$2a$10$88lcjd3vUiq726FP/CQ4bulKQrTcFZvtI9WbZaF4N8rxwVzPWbnQa,1R2jcxeu9NUsQhRGDwLfysA3qDvZcAo8b,4,2023-07-14T16:04:57.072Z
746,wsnawden6t,Walden,Snawden,wsnawden6t@cargocollective.com,1936-04-11,$2a$10$88lcjd3vUiq726FP/CQ4bulKQrTcFZvtI9WbZaF4N8rxwVzPWbnQa,1Q1qZ3TL74yLZ1inGUZVJg1ExUZeTdQpJL,4,2023-07-14T16:04:57.072Z
747,wmclucas6u,Waylin,McLucas,wmclucas6u@hibu.com,1930-10-07,$2a$10$88lcjd3vUiq726FP/CQ4bulKQrTcFZvtI9WbZaF4N8rxwVzPWbnQa,18E9WBAhMK3J7SZ4gfUx449Dng3scZ8g9r,4,2023-07-14T16:04:57.072Z
748,bganderton6v,Buckie,Ganderton,bganderton6v@reddit.com,2002-10-21,$2a$10$88lcjd3vUiq726FP/CQ4bulKQrTcFZvtI9WbZaF4N8rxwVzPWbnQa,1LGoxn178nydhDxzxwKZoNE3foam4fhtpc,4,2023-07-14T16:04:57.072Z
749,bfreear6w,Bridget,Freear,bfreear6w@state.tx.us,1971-11-21,$2a$10$88lcjd3vUiq726FP/CQ4bulKQrTcFZvtI9WbZaF4N8rxwVzPWbnQa,13cbgr3Zhs5mhT1kZzVPTnARxnzecDgbvM,4,2023-07-14T16:04:57.072Z
750,bmintoff6x,Beryle,Mintoff,bmintoff6x@about.me,1950-11-03,$2a$10$88lcjd3vUiq726FP/CQ4bulKQrTcFZvtI9WbZaF4N8rxwVzPWbnQa,1LDG3KDByTPJrdZWxRKX519mmGpLWd7tgJ,4,2023-07-14T16:04:57.072Z
751,ndakhno6y,Ninetta,Dakhno,ndakhno6y@naver.com,1976-02-15,$2a$10$88lcjd3vUiq726FP/CQ4bulKQrTcFZvtI9WbZaF4N8rxwVzPWbnQa,1KbUyeqXPXtFCAqZ9A1FZ2jUuMUKWZEXDL,4,2023-07-14T16:04:57.072Z
752,klist6z,Katherina,List,klist6z@ted.com,2003-10-14,$2a$10$88lcjd3vUiq726FP/CQ4bulKQrTcFZvtI9WbZaF4N8rxwVzPWbnQa,12fZv9GMaqkDxikiFvdyCJ7nCY6SmhvFpg,4,2023-07-14T16:04:57.072Z
753,gsimonson70,Gerladina,Simonson,gsimonson70@ft.com,1984-12-06,$2a$10$88lcjd3vUiq726FP/CQ4bulKQrTcFZvtI9WbZaF4N8rxwVzPWbnQa,12d5rhXyTKgJVjHcvarHe9c3M4uVwoZKCp,4,2023-07-14T16:04:57.072Z
754,lsymms71,Lenci,Symms,lsymms71@hugedomains.com,1979-02-16,$2a$10$88lcjd3vUiq726FP/CQ4bulKQrTcFZvtI9WbZaF4N8rxwVzPWbnQa,1EztM7AGEYK3MW14FLqpXze1AMVF8mcvFy,4,2023-07-14T16:04:57.072Z
755,hdegrey72,Harley,de Grey,hdegrey72@usda.gov,1974-05-04,$2a$10$88lcjd3vUiq726FP/CQ4bulKQrTcFZvtI9WbZaF4N8rxwVzPWbnQa,1FJ2AQQac8azZAc2gvkDYSThXcEU69qV3Z,4,2023-07-14T16:04:57.072Z
756,telse73,Torey,Else,telse73@smh.com.au,1937-01-12,$2a$10$88lcjd3vUiq726FP/CQ4bulKQrTcFZvtI9WbZaF4N8rxwVzPWbnQa,12mutZxf6iS1vbNFWBUG1BRCeJ7CV4mwQV,4,2023-07-14T16:04:57.072Z
757,ccleland74,Colver,Cleland,ccleland74@about.me,1957-12-20,$2a$10$88lcjd3vUiq726FP/CQ4bulKQrTcFZvtI9WbZaF4N8rxwVzPWbnQa,14RdiSHTrn1FtsLJfhDvEWBgQuW6q9ZLgS,4,2023-07-14T16:04:57.072Z
758,cmobius75,Cherise,Mobius,cmobius75@utexas.edu,1928-08-10,$2a$10$88lcjd3vUiq726FP/CQ4bulKQrTcFZvtI9WbZaF4N8rxwVzPWbnQa,1BdjrWb2H71m6Af6YAWAkLKpB27UDhuV8h,4,2023-07-14T16:04:57.072Z
759,cjune76,Cordie,June,cjune76@netvibes.com,1989-12-22,$2a$10$88lcjd3vUiq726FP/CQ4bulKQrTcFZvtI9WbZaF4N8rxwVzPWbnQa,1MuCeUFPFk8iHXBtRgTJuVpdndhB1hS1tB,4,2023-07-14T16:04:57.072Z
760,bkinig77,Brinna,Kinig,bkinig77@skype.com,1942-04-02,$2a$10$88lcjd3vUiq726FP/CQ4bulKQrTcFZvtI9WbZaF4N8rxwVzPWbnQa,1MZsqWEvZRnh2B3yCwEC4u63nrr2WLorEr,4,2023-07-14T16:04:57.072Z
761,bpurdey78,Bertrand,Purdey,bpurdey78@acquirethisname.com,1944-12-25,$2a$10$88lcjd3vUiq726FP/CQ4bulKQrTcFZvtI9WbZaF4N8rxwVzPWbnQa,1KJWypyZw5mA9g7ze4hAEuYeagoatHP7sV,4,2023-07-14T16:04:57.072Z
762,hmacgiolla79,Hall,MacGiolla,hmacgiolla79@feedburner.com,1990-03-16,$2a$10$88lcjd3vUiq726FP/CQ4bulKQrTcFZvtI9WbZaF4N8rxwVzPWbnQa,1CkuXFARBbK69XNuPeroa2U5RDSeTbPV8L,4,2023-07-14T16:04:57.072Z
763,hbradly7a,Helga,Bradly,hbradly7a@ovh.net,1976-12-04,$2a$10$88lcjd3vUiq726FP/CQ4bulKQrTcFZvtI9WbZaF4N8rxwVzPWbnQa,17KcdptfVKUXifoW6RDDKTeD3tjPax9r9b,4,2023-07-14T16:04:57.072Z
764,gdrewitt7b,Gerta,Drewitt,gdrewitt7b@google.com.hk,2000-12-23,$2a$10$88lcjd3vUiq726FP/CQ4bulKQrTcFZvtI9WbZaF4N8rxwVzPWbnQa,17hognE5zQpL3AhZbSEYcng89i8RgAjufP,4,2023-07-14T16:04:57.072Z
765,lsneaker7c,Lainey,Sneaker,lsneaker7c@ftc.gov,1995-05-19,$2a$10$88lcjd3vUiq726FP/CQ4bulKQrTcFZvtI9WbZaF4N8rxwVzPWbnQa,12G7aAVCczhyebsx8hbAdEmxXy8QML9KnU,4,2023-07-14T16:04:57.072Z
766,bmcgregor7d,Blinni,McGregor,bmcgregor7d@nba.com,1992-06-26,$2a$10$88lcjd3vUiq726FP/CQ4bulKQrTcFZvtI9WbZaF4N8rxwVzPWbnQa,1E9c6ojqxAHtkfPBhpyskvQqTiikbZTT4C,4,2023-07-14T16:04:57.072Z
767,jbarthrup7e,Jessi,Barthrup,jbarthrup7e@ovh.net,1983-08-04,$2a$10$88lcjd3vUiq726FP/CQ4bulKQrTcFZvtI9WbZaF4N8rxwVzPWbnQa,16YKaEzfGrApLv4gfpjw9mZh5Q2TkvM9M9,4,2023-07-14T16:04:57.072Z
768,slounds7f,Syman,Lounds,slounds7f@paypal.com,1976-05-21,$2a$10$88lcjd3vUiq726FP/CQ4bulKQrTcFZvtI9WbZaF4N8rxwVzPWbnQa,1CZdNBFNRMa2PA551YyH51P3zoR4NXR8aN,4,2023-07-14T16:04:57.072Z
769,njorczyk7g,Noam,Jorczyk,njorczyk7g@ca.gov,1957-08-02,$2a$10$88lcjd3vUiq726FP/CQ4bulKQrTcFZvtI9WbZaF4N8rxwVzPWbnQa,154WPimZvgCK6zV7KWUwBwt2mZ5H1FRnVx,4,2023-07-14T16:04:57.072Z
770,browsell7h,Bibby,Rowsell,browsell7h@hud.gov,1969-01-23,$2a$10$88lcjd3vUiq726FP/CQ4bulKQrTcFZvtI9WbZaF4N8rxwVzPWbnQa,1PyFFXxygMFhE2hV39VHwPz8yEZSFW5831,4,2023-07-14T16:04:57.072Z
771,amaccumiskey7i,Alana,MacCumiskey,amaccumiskey7i@examiner.com,2004-11-04,$2a$10$88lcjd3vUiq726FP/CQ4bulKQrTcFZvtI9WbZaF4N8rxwVzPWbnQa,12bvzptHuscYQZAxVpWXede5QQUqDdwMRW,4,2023-07-14T16:04:57.072Z
772,gmcdonough7j,Gardiner,McDonough,gmcdonough7j@washington.edu,1994-05-01,$2a$10$88lcjd3vUiq726FP/CQ4bulKQrTcFZvtI9WbZaF4N8rxwVzPWbnQa,1J8BJcGt2JY7i6fsb5FDZrJL7xVVKZiAPy,4,2023-07-14T16:04:57.072Z
773,ddubery7k,Duane,Dubery,ddubery7k@harvard.edu,1926-03-22,$2a$10$88lcjd3vUiq726FP/CQ4bulKQrTcFZvtI9WbZaF4N8rxwVzPWbnQa,1A4B1e91C6a2q7BSjUznoJTpAMhsvoArfq,4,2023-07-14T16:04:57.072Z
774,dwilkie7l,Darill,Wilkie,dwilkie7l@mtv.com,1956-12-07,$2a$10$88lcjd3vUiq726FP/CQ4bulKQrTcFZvtI9WbZaF4N8rxwVzPWbnQa,16pBFUqSuLe2r81ouB5Bm5HJGfmEa3SmB9,4,2023-07-14T16:04:57.072Z
775,rcluett7m,Rodi,Cluett,rcluett7m@comsenz.com,1931-09-25,$2a$10$88lcjd3vUiq726FP/CQ4bulKQrTcFZvtI9WbZaF4N8rxwVzPWbnQa,1LLcUodTpqZRYQ6BTTFipL9bGueyRo2SYw,4,2023-07-14T16:04:57.072Z
776,qmcginny7n,Quentin,McGinny,qmcginny7n@arizona.edu,2004-09-13,$2a$10$88lcjd3vUiq726FP/CQ4bulKQrTcFZvtI9WbZaF4N8rxwVzPWbnQa,14p76goPaDSuP8sMUQGXw7ZptxuNg4mq88,4,2023-07-14T16:04:57.072Z
777,amattiessen7o,Aurilia,Mattiessen,amattiessen7o@hexun.com,1972-11-15,$2a$10$88lcjd3vUiq726FP/CQ4bulKQrTcFZvtI9WbZaF4N8rxwVzPWbnQa,14CePDTAvBFiZus2Xu7T2u8fJHvmogPtLp,4,2023-07-14T16:04:57.072Z
778,eseak7p,Eben,Seak,eseak7p@github.com,1957-01-29,$2a$10$88lcjd3vUiq726FP/CQ4bulKQrTcFZvtI9WbZaF4N8rxwVzPWbnQa,1Y2aWgs2MGNd4knVeJjuJeC6wUUnLeTdi,4,2023-07-14T16:04:57.072Z
779,dwinch7q,Darcy,Winch,dwinch7q@w3.org,1981-07-10,$2a$10$88lcjd3vUiq726FP/CQ4bulKQrTcFZvtI9WbZaF4N8rxwVzPWbnQa,1LKdWiGpBNDVzTbzDhPNYHKwvecDC7vPG6,4,2023-07-14T16:04:57.072Z
780,mtwinborough7r,Mercy,Twinborough,mtwinborough7r@usda.gov,1968-08-06,$2a$10$88lcjd3vUiq726FP/CQ4bulKQrTcFZvtI9WbZaF4N8rxwVzPWbnQa,1L61s6QxofFdqS9X7zKqBQPXGMjkHCnehN,4,2023-07-14T16:04:57.072Z
781,tschruyer7s,Toinette,Schruyer,tschruyer7s@people.com.cn,1964-07-17,$2a$10$88lcjd3vUiq726FP/CQ4bulKQrTcFZvtI9WbZaF4N8rxwVzPWbnQa,12Ha4LpUAVHY99Rcm3W9vAexzwd1j4rm5b,4,2023-07-14T16:04:57.072Z
782,lorrocks7t,Leesa,Orrocks,lorrocks7t@ebay.com,1993-10-18,$2a$10$88lcjd3vUiq726FP/CQ4bulKQrTcFZvtI9WbZaF4N8rxwVzPWbnQa,1K7oaroSLB6uP3p8zy8rY4hi5uk2JNmnks,4,2023-07-14T16:04:57.072Z
783,dcumber7u,Doroteya,Cumber,dcumber7u@businessweek.com,1930-08-26,$2a$10$88lcjd3vUiq726FP/CQ4bulKQrTcFZvtI9WbZaF4N8rxwVzPWbnQa,1G5kZtYNv5gAUBjjNgHsYg4RRBgehZNyix,4,2023-07-14T16:04:57.072Z
784,tjarmyn7v,Trenna,Jarmyn,tjarmyn7v@moonfruit.com,1925-11-24,$2a$10$88lcjd3vUiq726FP/CQ4bulKQrTcFZvtI9WbZaF4N8rxwVzPWbnQa,1CXbW2KtoGmHT8TiB37dZwsnvRXpLiz8px,4,2023-07-14T16:04:57.072Z
785,sspall7w,Svend,Spall,sspall7w@comcast.net,1952-01-31,$2a$10$88lcjd3vUiq726FP/CQ4bulKQrTcFZvtI9WbZaF4N8rxwVzPWbnQa,18ZHtqbzsajzXxtHZ2fRkkfTD6GU2BfEnH,4,2023-07-14T16:04:57.072Z
786,ckeelan7x,Constantine,Keelan,ckeelan7x@omniture.com,1976-02-12,$2a$10$88lcjd3vUiq726FP/CQ4bulKQrTcFZvtI9WbZaF4N8rxwVzPWbnQa,18Tp5o9LxgTW7L7RTYwqKv8Gp2FDbSm77s,4,2023-07-14T16:04:57.072Z
787,bkeach7y,Baxie,Keach,bkeach7y@nature.com,1946-08-24,$2a$10$88lcjd3vUiq726FP/CQ4bulKQrTcFZvtI9WbZaF4N8rxwVzPWbnQa,1AdpaU3NfZH5K5M5TpeyXFEZcHhxvn5Xbf,4,2023-07-14T16:04:57.072Z
788,rmorgon7z,Reuven,Morgon,rmorgon7z@dedecms.com,1985-02-15,$2a$10$88lcjd3vUiq726FP/CQ4bulKQrTcFZvtI9WbZaF4N8rxwVzPWbnQa,1B7VqW3yUTBihq3pQSkrnEkdMXjCBdozHo,4,2023-07-14T16:04:57.072Z
789,ziverson80,Zebulen,Iverson,ziverson80@yellowpages.com,1935-10-26,$2a$10$88lcjd3vUiq726FP/CQ4bulKQrTcFZvtI9WbZaF4N8rxwVzPWbnQa,1LftorDRURF8q8hcxmw2AWwCd8MRY6qcPx,4,2023-07-14T16:04:57.072Z
790,eashelford81,Ethelda,Ashelford,eashelford81@quantcast.com,1927-02-05,$2a$10$88lcjd3vUiq726FP/CQ4bulKQrTcFZvtI9WbZaF4N8rxwVzPWbnQa,196Co8qFFf2xzd5voegsi1noqdWWLZFokY,4,2023-07-14T16:04:57.072Z
791,bcallam82,Boote,Callam,bcallam82@wix.com,1940-09-05,$2a$10$88lcjd3vUiq726FP/CQ4bulKQrTcFZvtI9WbZaF4N8rxwVzPWbnQa,1BBzUMeZTyRiQTDSgfoA58aQ9LnmfRKeRk,4,2023-07-14T16:04:57.072Z
792,olambourne83,Odo,Lambourne,olambourne83@cbc.ca,1964-01-02,$2a$10$88lcjd3vUiq726FP/CQ4bulKQrTcFZvtI9WbZaF4N8rxwVzPWbnQa,14TLhh4bmk2h5yMPYxLRyPmtWTJCnAiipn,4,2023-07-14T16:04:57.072Z
793,bkubiak84,Brigitte,Kubiak,bkubiak84@cpanel.net,1939-08-23,$2a$10$88lcjd3vUiq726FP/CQ4bulKQrTcFZvtI9WbZaF4N8rxwVzPWbnQa,1KJxBdRadKpmWuLf9z9wGEG4hUcQVWnQnJ,4,2023-07-14T16:04:57.072Z
794,tterzi85,Teodor,Terzi,tterzi85@wikimedia.org,1989-03-11,$2a$10$88lcjd3vUiq726FP/CQ4bulKQrTcFZvtI9WbZaF4N8rxwVzPWbnQa,1LpVE2df8UVUsmKTJp1z2QHaprfNF2s4wh,4,2023-07-14T16:04:57.072Z
795,jslowly86,Jacquette,Slowly,jslowly86@reverbnation.com,1959-05-04,$2a$10$88lcjd3vUiq726FP/CQ4bulKQrTcFZvtI9WbZaF4N8rxwVzPWbnQa,1Gr5PVnaYBAwtknAtCfmq3J1b7iFHCFZq6,4,2023-07-14T16:04:57.072Z
796,mbillyard87,Mariquilla,Billyard,mbillyard87@toplist.cz,1934-10-13,$2a$10$88lcjd3vUiq726FP/CQ4bulKQrTcFZvtI9WbZaF4N8rxwVzPWbnQa,1DmS6J9wDro8hnypvgFhHZ1woAwBpadrqb,4,2023-07-14T16:04:57.072Z
797,halwell88,Humfried,Alwell,halwell88@dailymail.co.uk,1982-07-13,$2a$10$88lcjd3vUiq726FP/CQ4bulKQrTcFZvtI9WbZaF4N8rxwVzPWbnQa,1F2jWQAFcsJUKz4Z2FDnoh2bs1HF9526Yx,4,2023-07-14T16:04:57.072Z
798,tcoffelt89,Tammara,Coffelt,tcoffelt89@topsy.com,1979-04-10,$2a$10$88lcjd3vUiq726FP/CQ4bulKQrTcFZvtI9WbZaF4N8rxwVzPWbnQa,1MdursQq21TMVP3WstCLJFYdnm3ysoXkXA,4,2023-07-14T16:04:57.072Z
799,aaim8a,Ara,Aim,aaim8a@creativecommons.org,1941-05-07,$2a$10$88lcjd3vUiq726FP/CQ4bulKQrTcFZvtI9WbZaF4N8rxwVzPWbnQa,1H9fR1f4gZcbyMhZvM1n9SWKbpZnNTdKMi,4,2023-07-14T16:04:57.072Z
800,jmccorley8b,Jen,McCorley,jmccorley8b@naver.com,1956-03-04,$2a$10$88lcjd3vUiq726FP/CQ4bulKQrTcFZvtI9WbZaF4N8rxwVzPWbnQa,1FeJ6Z84Ssi5JTqjh6bRWV9bhzA9eyue6B,4,2023-07-14T16:04:57.072Z
801,klunt8c,Kliment,Lunt,klunt8c@usnews.com,2001-03-02,$2a$10$88lcjd3vUiq726FP/CQ4bulKQrTcFZvtI9WbZaF4N8rxwVzPWbnQa,1MfJnSc1C7bSnF7nnx5oZdwTZD2XXLtC95,4,2023-07-14T16:04:57.072Z
802,bwurz8d,Babs,Wurz,bwurz8d@mashable.com,1968-03-07,$2a$10$88lcjd3vUiq726FP/CQ4bulKQrTcFZvtI9WbZaF4N8rxwVzPWbnQa,1G4jnbmTSALeBMJxfACsBpAezPab8RFFbc,4,2023-07-14T16:04:57.072Z
803,mwhilder8e,Mortimer,Whilder,mwhilder8e@drupal.org,1956-08-08,$2a$10$88lcjd3vUiq726FP/CQ4bulKQrTcFZvtI9WbZaF4N8rxwVzPWbnQa,1932xvhbkCwS41QQU6nRjfhodG7xrym8od,4,2023-07-14T16:04:57.072Z
804,scastanos8f,Salomo,Castanos,scastanos8f@adobe.com,1925-01-12,$2a$10$88lcjd3vUiq726FP/CQ4bulKQrTcFZvtI9WbZaF4N8rxwVzPWbnQa,1L3aU8hRF7SdjwXb4mohnS4Jdvros4T6mn,4,2023-07-14T16:04:57.072Z
805,ylaudham8g,Yuma,Laudham,ylaudham8g@newsvine.com,1927-12-05,$2a$10$88lcjd3vUiq726FP/CQ4bulKQrTcFZvtI9WbZaF4N8rxwVzPWbnQa,1DuC5GhbmdVNbwnA4RopGZVG1kG7E18imc,4,2023-07-14T16:04:57.072Z
806,bseiler8h,Bella,Seiler,bseiler8h@npr.org,1971-06-06,$2a$10$88lcjd3vUiq726FP/CQ4bulKQrTcFZvtI9WbZaF4N8rxwVzPWbnQa,18vVKDzUmfhwKY1fv2mttKaRJwQvmnjz1N,4,2023-07-14T16:04:57.072Z
807,farno8i,Franzen,Arno,farno8i@goodreads.com,2004-06-03,$2a$10$88lcjd3vUiq726FP/CQ4bulKQrTcFZvtI9WbZaF4N8rxwVzPWbnQa,1CABPez6j1kkr91FNph9PZQbzv7nbxUXuj,4,2023-07-14T16:04:57.072Z
808,mjeffries8j,Matias,Jeffries,mjeffries8j@who.int,1977-02-27,$2a$10$88lcjd3vUiq726FP/CQ4bulKQrTcFZvtI9WbZaF4N8rxwVzPWbnQa,1PGaPyWEuznd46891zaEguU2oDjD18bBzm,4,2023-07-14T16:04:57.072Z
809,mrubinivitz8k,Merralee,Rubinivitz,mrubinivitz8k@senate.gov,1997-08-31,$2a$10$88lcjd3vUiq726FP/CQ4bulKQrTcFZvtI9WbZaF4N8rxwVzPWbnQa,13Kk1qAeDcP3r8UcJ8g1U3uRDVNa1ftGg7,4,2023-07-14T16:04:57.072Z
810,hmedler8l,Hamnet,Medler,hmedler8l@ehow.com,1982-04-10,$2a$10$88lcjd3vUiq726FP/CQ4bulKQrTcFZvtI9WbZaF4N8rxwVzPWbnQa,1NoXF6gYCY6g52FFhdnbPo5B9wgc5JBVG6,4,2023-07-14T16:04:57.072Z
811,cbrion8m,Cherida,Brion,cbrion8m@nih.gov,1924-12-17,$2a$10$88lcjd3vUiq726FP/CQ4bulKQrTcFZvtI9WbZaF4N8rxwVzPWbnQa,18Mk4THeqfA3My9p1mPy9GTuqoe7tiqtUC,4,2023-07-14T16:04:57.072Z
812,lmeeson8n,Lory,Meeson,lmeeson8n@t-online.de,1966-02-22,$2a$10$88lcjd3vUiq726FP/CQ4bulKQrTcFZvtI9WbZaF4N8rxwVzPWbnQa,1MS9p9QGdvNt5HNrQMzYHMqBvGbFdtD2co,4,2023-07-14T16:04:57.072Z
813,tludwig8o,Tracey,Ludwig,tludwig8o@foxnews.com,1938-06-06,$2a$10$88lcjd3vUiq726FP/CQ4bulKQrTcFZvtI9WbZaF4N8rxwVzPWbnQa,16tSR2KokUzL4Vtjfh3GKramUQWdE2ErTR,4,2023-07-14T16:04:57.072Z
814,tburroughes8p,Tony,Burroughes,tburroughes8p@nhs.uk,1928-11-06,$2a$10$88lcjd3vUiq726FP/CQ4bulKQrTcFZvtI9WbZaF4N8rxwVzPWbnQa,1NnRxTULqB8RSWcAbwfYsHKQvxoX8PMa7f,4,2023-07-14T16:04:57.072Z
815,svarren8q,Silvanus,Varren,svarren8q@joomla.org,1976-08-22,$2a$10$88lcjd3vUiq726FP/CQ4bulKQrTcFZvtI9WbZaF4N8rxwVzPWbnQa,15FcWtUhesjC31epzRNMvdTyg7H4XWfNkr,4,2023-07-14T16:04:57.072Z
816,gderricoat8r,Gilly,Derricoat,gderricoat8r@npr.org,1969-06-19,$2a$10$88lcjd3vUiq726FP/CQ4bulKQrTcFZvtI9WbZaF4N8rxwVzPWbnQa,1HNZZM9s442WZB8e8BYEs8Lo6RBe1jWUYn,4,2023-07-14T16:04:57.072Z
817,hbrundrett8s,Halsy,Brundrett,hbrundrett8s@bing.com,1930-10-21,$2a$10$88lcjd3vUiq726FP/CQ4bulKQrTcFZvtI9WbZaF4N8rxwVzPWbnQa,15ZXdNnfHQxLDsBy2aXYycjUegptThx6si,4,2023-07-14T16:04:57.072Z
818,dlifsey8t,Debor,Lifsey,dlifsey8t@dyndns.org,1994-03-05,$2a$10$88lcjd3vUiq726FP/CQ4bulKQrTcFZvtI9WbZaF4N8rxwVzPWbnQa,1GwSPS9njrwgJYJxDNbTvvS2BqS21XMbpK,4,2023-07-14T16:04:57.072Z
819,manselmi8u,Mollee,Anselmi,manselmi8u@berkeley.edu,2004-01-19,$2a$10$88lcjd3vUiq726FP/CQ4bulKQrTcFZvtI9WbZaF4N8rxwVzPWbnQa,1KXk8q4hHFqK4KeLnfpccmM54noR8gj7cb,4,2023-07-14T16:04:57.072Z
820,jallingham8v,Jemmy,Allingham,jallingham8v@hao123.com,2003-11-02,$2a$10$88lcjd3vUiq726FP/CQ4bulKQrTcFZvtI9WbZaF4N8rxwVzPWbnQa,13Q9YcR2aZonj6FazGXQPvUg4VV9MFhYUS,4,2023-07-14T16:04:57.072Z
821,mgedling8w,Millie,Gedling,mgedling8w@etsy.com,1931-10-02,$2a$10$88lcjd3vUiq726FP/CQ4bulKQrTcFZvtI9WbZaF4N8rxwVzPWbnQa,1DgBqqsyys2b3SwKSWPJxh784CDmdbBTPV,4,2023-07-14T16:04:57.072Z
822,rrounsivall8x,Rodney,Rounsivall,rrounsivall8x@paypal.com,1967-04-18,$2a$10$88lcjd3vUiq726FP/CQ4bulKQrTcFZvtI9WbZaF4N8rxwVzPWbnQa,1PSaECE8DRT6Ck2oj6dYJ6uMLnqRFgePpf,4,2023-07-14T16:04:57.072Z
823,clandell8y,Cly,Landell,clandell8y@webmd.com,1950-03-31,$2a$10$88lcjd3vUiq726FP/CQ4bulKQrTcFZvtI9WbZaF4N8rxwVzPWbnQa,1BqfxmwDXkNB5jHEHVsRAoKY85LQowMdy3,4,2023-07-14T16:04:57.072Z
824,dgarley8z,Darla,Garley,dgarley8z@naver.com,1954-03-02,$2a$10$88lcjd3vUiq726FP/CQ4bulKQrTcFZvtI9WbZaF4N8rxwVzPWbnQa,1FzSqhtmbXNGfKW6zF1mrPoiendEYrKiFd,4,2023-07-14T16:04:57.072Z
825,kburnett90,Karine,Burnett,kburnett90@sohu.com,2003-12-03,$2a$10$88lcjd3vUiq726FP/CQ4bulKQrTcFZvtI9WbZaF4N8rxwVzPWbnQa,17MRewNxrwv2p65sGd3tqDj9TQ9ZnNBBNr,4,2023-07-14T16:04:57.072Z
826,bchisholm91,Brooke,Chisholm,bchisholm91@blogtalkradio.com,1958-12-28,$2a$10$88lcjd3vUiq726FP/CQ4bulKQrTcFZvtI9WbZaF4N8rxwVzPWbnQa,15QdUJExdSwwUW8LpyM5DqeE81nawmPeRN,4,2023-07-14T16:04:57.072Z
827,rdionisio92,Rudy,Dionisio,rdionisio92@hugedomains.com,1941-10-03,$2a$10$88lcjd3vUiq726FP/CQ4bulKQrTcFZvtI9WbZaF4N8rxwVzPWbnQa,1FUs8qwXqV5PgnB1yob4imCCPzSAw81Qb2,4,2023-07-14T16:04:57.072Z
828,pgarci93,Pat,Garci,pgarci93@instagram.com,1972-07-04,$2a$10$88lcjd3vUiq726FP/CQ4bulKQrTcFZvtI9WbZaF4N8rxwVzPWbnQa,1ApDuALD2AfxfYRrXr3RzNjUTusZgTWKHE,4,2023-07-14T16:04:57.072Z
829,lleppard94,Lombard,Leppard,lleppard94@freewebs.com,1977-12-16,$2a$10$88lcjd3vUiq726FP/CQ4bulKQrTcFZvtI9WbZaF4N8rxwVzPWbnQa,12YsJ3H1mw8HRNTVo5hxCSiYpAFh1Xxicn,4,2023-07-14T16:04:57.072Z
830,ksnedden95,Kimbell,Snedden,ksnedden95@ameblo.jp,1976-02-06,$2a$10$88lcjd3vUiq726FP/CQ4bulKQrTcFZvtI9WbZaF4N8rxwVzPWbnQa,1K4GWrNcH7LwPNA2z7hoNQ4Vz8fMis7HuN,4,2023-07-14T16:04:57.072Z
831,mhaversham96,Marillin,Haversham,mhaversham96@engadget.com,1967-03-21,$2a$10$88lcjd3vUiq726FP/CQ4bulKQrTcFZvtI9WbZaF4N8rxwVzPWbnQa,1GcGnXETiEaCb1sB7ee4BxrQTZHX1cyddD,4,2023-07-14T16:04:57.072Z
832,shoofe97,Stepha,Hoofe,shoofe97@msu.edu,2003-01-10,$2a$10$88lcjd3vUiq726FP/CQ4bulKQrTcFZvtI9WbZaF4N8rxwVzPWbnQa,1MJjPA3zWdx7dpwNu8mhVzypMkwHCgCMAo,4,2023-07-14T16:04:57.072Z
833,cbroodes98,Celestina,Broodes,cbroodes98@addtoany.com,1924-06-09,$2a$10$88lcjd3vUiq726FP/CQ4bulKQrTcFZvtI9WbZaF4N8rxwVzPWbnQa,149sKCHP7tvy67Qcq9Ytmh6tyCqCv2StZ6,4,2023-07-14T16:04:57.072Z
834,nmacredmond99,Newton,MacRedmond,nmacredmond99@china.com.cn,1986-06-12,$2a$10$88lcjd3vUiq726FP/CQ4bulKQrTcFZvtI9WbZaF4N8rxwVzPWbnQa,15DEqhQHd5ushfuYdvC94ucQkPHZNmNJtY,4,2023-07-14T16:04:57.072Z
835,djendrach9a,Duffie,Jendrach,djendrach9a@spiegel.de,1943-12-06,$2a$10$88lcjd3vUiq726FP/CQ4bulKQrTcFZvtI9WbZaF4N8rxwVzPWbnQa,19UsTfmob1EagBi3ee4LGAPKyXmC3swRaQ,4,2023-07-14T16:04:57.072Z
836,mludwell9b,Modesty,Ludwell,mludwell9b@barnesandnoble.com,1944-01-14,$2a$10$88lcjd3vUiq726FP/CQ4bulKQrTcFZvtI9WbZaF4N8rxwVzPWbnQa,127tESn4KScqhkuDYxhif4EES7V2QVB2tq,4,2023-07-14T16:04:57.072Z
837,rargyle9c,Rourke,Argyle,rargyle9c@cocolog-nifty.com,1939-05-18,$2a$10$88lcjd3vUiq726FP/CQ4bulKQrTcFZvtI9WbZaF4N8rxwVzPWbnQa,18pm6SJGAggpiuXCiao1UziwAP7uryh9oQ,4,2023-07-14T16:04:57.072Z
838,fgreenough9d,Fiann,Greenough,fgreenough9d@salon.com,1958-05-09,$2a$10$88lcjd3vUiq726FP/CQ4bulKQrTcFZvtI9WbZaF4N8rxwVzPWbnQa,1Ed27FuLZY2WBuEfJmLy8BRon4xi2qnd4S,4,2023-07-14T16:04:57.072Z
839,cinch9e,Costa,Inch,cinch9e@dailymail.co.uk,1964-10-17,$2a$10$88lcjd3vUiq726FP/CQ4bulKQrTcFZvtI9WbZaF4N8rxwVzPWbnQa,1DXnqbGGUUUNC2wV5fcSih49ykBHBA8pa5,4,2023-07-14T16:04:57.072Z
840,sadlington9f,Stefania,Adlington,sadlington9f@walmart.com,1992-01-11,$2a$10$88lcjd3vUiq726FP/CQ4bulKQrTcFZvtI9WbZaF4N8rxwVzPWbnQa,1LsDHwKHsT1masp7r4yGoVeB3TMqseo9bT,4,2023-07-14T16:04:57.072Z
841,rkindall9g,Ram,Kindall,rkindall9g@biblegateway.com,1950-09-07,$2a$10$88lcjd3vUiq726FP/CQ4bulKQrTcFZvtI9WbZaF4N8rxwVzPWbnQa,1NKaozVKAvHVZcxUgt88KQEiJmZJ1y14gE,4,2023-07-14T16:04:57.072Z
842,bcrinkley9h,Barton,Crinkley,bcrinkley9h@shareasale.com,1966-12-15,$2a$10$88lcjd3vUiq726FP/CQ4bulKQrTcFZvtI9WbZaF4N8rxwVzPWbnQa,1FE3p9UoDQLQtqfRbNHjz6ptpDGrxEhTv2,4,2023-07-14T16:04:57.072Z
843,kscripps9i,Ketty,Scripps,kscripps9i@ask.com,1980-11-30,$2a$10$88lcjd3vUiq726FP/CQ4bulKQrTcFZvtI9WbZaF4N8rxwVzPWbnQa,12iT88epTDqwtkM9dKaYucr9ZNpED9onxK,4,2023-07-14T16:04:57.072Z
844,mmuckle9j,Moses,Muckle,mmuckle9j@w3.org,1928-07-14,$2a$10$88lcjd3vUiq726FP/CQ4bulKQrTcFZvtI9WbZaF4N8rxwVzPWbnQa,1GR7QCQv84UgyX6jwaHjDyRDMzuLsCW1YK,4,2023-07-14T16:04:57.072Z
845,lmusker9k,Lorettalorna,Musker,lmusker9k@jiathis.com,1952-08-31,$2a$10$88lcjd3vUiq726FP/CQ4bulKQrTcFZvtI9WbZaF4N8rxwVzPWbnQa,1PuA61eDoAJrgRwDfgwZoJRAKyKXjadaRu,4,2023-07-14T16:04:57.072Z
846,cbeaushaw9l,Coriss,Beaushaw,cbeaushaw9l@privacy.gov.au,1948-10-05,$2a$10$88lcjd3vUiq726FP/CQ4bulKQrTcFZvtI9WbZaF4N8rxwVzPWbnQa,1Jmte3zWBebF4DREBUpYAtVChC3o9FT3Gq,4,2023-07-14T16:04:57.072Z
847,ltreasure9m,Lucita,Treasure,ltreasure9m@myspace.com,1946-03-09,$2a$10$88lcjd3vUiq726FP/CQ4bulKQrTcFZvtI9WbZaF4N8rxwVzPWbnQa,1PMNjPRkoGe2JdPt8r16ohBYeGixCZQQcN,4,2023-07-14T16:04:57.072Z
848,ntorrent9n,Niels,Torrent,ntorrent9n@com.com,1947-04-02,$2a$10$88lcjd3vUiq726FP/CQ4bulKQrTcFZvtI9WbZaF4N8rxwVzPWbnQa,1GYJJvSsLEeGimSXPQxHkxferVLcwksSqR,4,2023-07-14T16:04:57.072Z
849,akluger9o,Anett,Kluger,akluger9o@stanford.edu,1930-07-04,$2a$10$88lcjd3vUiq726FP/CQ4bulKQrTcFZvtI9WbZaF4N8rxwVzPWbnQa,192tCWagRB3tGfEs6QpNQKyZtrRU79uMub,4,2023-07-14T16:04:57.072Z
850,gpetrusch9p,Geoffrey,Petrusch,gpetrusch9p@jalbum.net,1970-08-03,$2a$10$88lcjd3vUiq726FP/CQ4bulKQrTcFZvtI9WbZaF4N8rxwVzPWbnQa,1P87G21DaaZr7sJcYa6avyHi7os9bLvPZC,4,2023-07-14T16:04:57.072Z
851,esevior9q,Elinore,Sevior,esevior9q@paginegialle.it,1979-04-25,$2a$10$88lcjd3vUiq726FP/CQ4bulKQrTcFZvtI9WbZaF4N8rxwVzPWbnQa,1A4QbHX3MBJkLB63PLiab2BjM1RG2a67KH,4,2023-07-14T16:04:57.072Z
852,srylstone9r,Simone,Rylstone,srylstone9r@washington.edu,1938-11-28,$2a$10$88lcjd3vUiq726FP/CQ4bulKQrTcFZvtI9WbZaF4N8rxwVzPWbnQa,1HS57bzxxiMNEA3AwYwzHLpkbftsqxN6p8,4,2023-07-14T16:04:57.072Z
853,zklimpt9s,Zackariah,Klimpt,zklimpt9s@shareasale.com,1937-08-28,$2a$10$88lcjd3vUiq726FP/CQ4bulKQrTcFZvtI9WbZaF4N8rxwVzPWbnQa,1AUshSei1i1SMDTXuGjV3aNw1scmfoQecT,4,2023-07-14T16:04:57.072Z
854,hkubicki9t,Helsa,Kubicki,hkubicki9t@msu.edu,1927-05-01,$2a$10$88lcjd3vUiq726FP/CQ4bulKQrTcFZvtI9WbZaF4N8rxwVzPWbnQa,1CtEVqBjyJ4d9a6ABAZ19gRZkzLXaNKHmV,4,2023-07-14T16:04:57.072Z
855,nkamall9u,Nicola,Kamall,nkamall9u@pen.io,1928-02-28,$2a$10$88lcjd3vUiq726FP/CQ4bulKQrTcFZvtI9WbZaF4N8rxwVzPWbnQa,15LtJPwADcyiSKEGapH3m2VcXj9cHvB26Z,4,2023-07-14T16:04:57.072Z
856,srobertot9v,Sylvia,Robertot,srobertot9v@netvibes.com,1963-11-06,$2a$10$88lcjd3vUiq726FP/CQ4bulKQrTcFZvtI9WbZaF4N8rxwVzPWbnQa,12mR2Qrn7rYhqToNkiaBpnWTozG3SZhRoV,4,2023-07-14T16:04:57.072Z
857,ebartkiewicz9w,Emlyn,Bartkiewicz,ebartkiewicz9w@opera.com,1996-04-03,$2a$10$88lcjd3vUiq726FP/CQ4bulKQrTcFZvtI9WbZaF4N8rxwVzPWbnQa,1Pt7g3SKfwe6Q2ePeWxBaCQd1umxcmgfmV,4,2023-07-14T16:04:57.072Z
858,ncracknell9x,Nowell,Cracknell,ncracknell9x@purevolume.com,1956-06-06,$2a$10$88lcjd3vUiq726FP/CQ4bulKQrTcFZvtI9WbZaF4N8rxwVzPWbnQa,1BGNmNrdWNhbUdas9apqZuWVNjNKE1NCve,4,2023-07-14T16:04:57.072Z
859,jnettle9y,Josefa,Nettle,jnettle9y@mapquest.com,1944-02-20,$2a$10$88lcjd3vUiq726FP/CQ4bulKQrTcFZvtI9WbZaF4N8rxwVzPWbnQa,1DHo73oYK5rnzgmWz19sirWEePP777dpFA,4,2023-07-14T16:04:57.072Z
860,bgilhoolie9z,Bay,Gilhoolie,bgilhoolie9z@yellowpages.com,1968-05-05,$2a$10$88lcjd3vUiq726FP/CQ4bulKQrTcFZvtI9WbZaF4N8rxwVzPWbnQa,1NnHcU6euuhwGf83vc9dnA1x8BZ5xRE5Gh,4,2023-07-14T16:04:57.072Z
861,kboothea0,Kriste,Boothe,kboothea0@g.co,1954-08-09,$2a$10$88lcjd3vUiq726FP/CQ4bulKQrTcFZvtI9WbZaF4N8rxwVzPWbnQa,15trXtuYdsC32nfJ3ZdHWJkLdHSWAgiaBV,4,2023-07-14T16:04:57.072Z
862,mgascara1,Matty,Gascar,mgascara1@ezinearticles.com,1973-06-04,$2a$10$88lcjd3vUiq726FP/CQ4bulKQrTcFZvtI9WbZaF4N8rxwVzPWbnQa,16UM1Ne9SZ946BHDFnDK4jyp52DsRFhsMz,4,2023-07-14T16:04:57.072Z
863,ccarseya2,Chuck,Carsey,ccarseya2@prnewswire.com,1947-07-14,$2a$10$88lcjd3vUiq726FP/CQ4bulKQrTcFZvtI9WbZaF4N8rxwVzPWbnQa,1Pbo4r2w9VjTanwQhxRYpKrA31AK1MfiHR,4,2023-07-14T16:04:57.072Z
864,kswatmana3,Karney,Swatman,kswatmana3@accuweather.com,1956-03-20,$2a$10$88lcjd3vUiq726FP/CQ4bulKQrTcFZvtI9WbZaF4N8rxwVzPWbnQa,1HE2N74SN97JyWKFHdRVUv6iUsg23qGu7R,4,2023-07-14T16:04:57.072Z
865,rlewarda4,Redd,Leward,rlewarda4@dailymail.co.uk,1959-10-02,$2a$10$88lcjd3vUiq726FP/CQ4bulKQrTcFZvtI9WbZaF4N8rxwVzPWbnQa,17TE4KoT8BcgDPwNxfZ1hcpXNRfoGTT3G8,4,2023-07-14T16:04:57.072Z
866,mblanpeina5,Mylo,Blanpein,mblanpeina5@ifeng.com,1942-11-16,$2a$10$88lcjd3vUiq726FP/CQ4bulKQrTcFZvtI9WbZaF4N8rxwVzPWbnQa,18qmTkKBXfYw6xk5hGseP8KfsmLuJudXu4,4,2023-07-14T16:04:57.072Z
867,jjerromesa6,Jone,Jerromes,jjerromesa6@cbslocal.com,1928-03-28,$2a$10$88lcjd3vUiq726FP/CQ4bulKQrTcFZvtI9WbZaF4N8rxwVzPWbnQa,1B8C9mLAZgfj3m1tJMdnEGWU6pU7j7VhzL,4,2023-07-14T16:04:57.072Z
868,tcasajuanaa7,Tucky,Casajuana,tcasajuanaa7@oracle.com,1999-01-04,$2a$10$88lcjd3vUiq726FP/CQ4bulKQrTcFZvtI9WbZaF4N8rxwVzPWbnQa,1NJxBUEXUeMRniLpErVw16GKd5TvpMRveo,4,2023-07-14T16:04:57.072Z
869,eizatsona8,Emmerich,Izatson,eizatsona8@artisteer.com,1946-05-22,$2a$10$88lcjd3vUiq726FP/CQ4bulKQrTcFZvtI9WbZaF4N8rxwVzPWbnQa,1Bu2fjX4aAMn4LS3vNdeq98MmcrWsJ9vcY,4,2023-07-14T16:04:57.072Z
870,fdecreuzea9,Faber,Decreuze,fdecreuzea9@ask.com,1949-11-08,$2a$10$88lcjd3vUiq726FP/CQ4bulKQrTcFZvtI9WbZaF4N8rxwVzPWbnQa,144NpgxjoBQJATiNN7FvGJL1rjGCXsBEbB,4,2023-07-14T16:04:57.072Z
871,kslocumbaa,Kristan,Slocumb,kslocumbaa@facebook.com,1967-01-30,$2a$10$88lcjd3vUiq726FP/CQ4bulKQrTcFZvtI9WbZaF4N8rxwVzPWbnQa,157phYbRmgjyw88eSPkAxseCZ67i1bNeqe,4,2023-07-14T16:04:57.072Z
872,bpasseyab,Bernette,Passey,bpasseyab@phoca.cz,1931-05-09,$2a$10$88lcjd3vUiq726FP/CQ4bulKQrTcFZvtI9WbZaF4N8rxwVzPWbnQa,1JJP1KJBAY4Q3LkWnudHF89mKxakCmf7HL,4,2023-07-14T16:04:57.072Z
873,vmacwhanac,Viviyan,MacWhan,vmacwhanac@ed.gov,1968-01-13,$2a$10$88lcjd3vUiq726FP/CQ4bulKQrTcFZvtI9WbZaF4N8rxwVzPWbnQa,1EggoLekQQCHM95Y4jAhvJKFe7sVxGf3Mn,4,2023-07-14T16:04:57.072Z
874,bgrinnikovad,Baldwin,Grinnikov,bgrinnikovad@economist.com,1924-04-14,$2a$10$88lcjd3vUiq726FP/CQ4bulKQrTcFZvtI9WbZaF4N8rxwVzPWbnQa,14GsXJKZcRhd6ziSg4VdT7WsRiBqPEL8Aa,4,2023-07-14T16:04:57.072Z
875,ashipwayae,Arlyne,Shipway,ashipwayae@nbcnews.com,1949-02-26,$2a$10$88lcjd3vUiq726FP/CQ4bulKQrTcFZvtI9WbZaF4N8rxwVzPWbnQa,196NfzVL5vR2j5qL9Mjthmdwcvuzmg5k9B,4,2023-07-14T16:04:57.072Z
876,ncreeaf,Niki,Cree,ncreeaf@cdc.gov,1968-12-14,$2a$10$88lcjd3vUiq726FP/CQ4bulKQrTcFZvtI9WbZaF4N8rxwVzPWbnQa,18DsPRrVCJXMCPp3PgM3bEemQXXy4NDv5B,4,2023-07-14T16:04:57.072Z
877,ccreeberag,Chrissie,Creeber,ccreeberag@ca.gov,1945-09-13,$2a$10$88lcjd3vUiq726FP/CQ4bulKQrTcFZvtI9WbZaF4N8rxwVzPWbnQa,1DT3BqDhg78YP47fbgxJ9T18cxrCkSp17J,4,2023-07-14T16:04:57.072Z
878,fdreppah,Franklin,Drepp,fdreppah@free.fr,1957-08-07,$2a$10$88lcjd3vUiq726FP/CQ4bulKQrTcFZvtI9WbZaF4N8rxwVzPWbnQa,19x5jsoHh7aYFGrVu2dRTdgeWr6ye7nQs,4,2023-07-14T16:04:57.072Z
879,bcrowai,Brett,Crow,bcrowai@mapquest.com,1985-02-07,$2a$10$88lcjd3vUiq726FP/CQ4bulKQrTcFZvtI9WbZaF4N8rxwVzPWbnQa,1JxKLMtcogZ4zaNtnHKKmV4rKD3odKCr8u,4,2023-07-14T16:04:57.072Z
880,edearsleyaj,Elvyn,Dearsley,edearsleyaj@blogger.com,1985-02-05,$2a$10$88lcjd3vUiq726FP/CQ4bulKQrTcFZvtI9WbZaF4N8rxwVzPWbnQa,1GQwzFcTbBb3HR4eq7dfT4GePxrhueNKRQ,4,2023-07-14T16:04:57.072Z
881,aforemanak,Alfi,Foreman,aforemanak@nhs.uk,1958-09-08,$2a$10$88lcjd3vUiq726FP/CQ4bulKQrTcFZvtI9WbZaF4N8rxwVzPWbnQa,1EFfQgJuJt6ogae4ezeXcvdSScekikEWEE,4,2023-07-14T16:04:57.072Z
882,smoensal,Sada,Moens,smoensal@aboutads.info,1955-10-03,$2a$10$88lcjd3vUiq726FP/CQ4bulKQrTcFZvtI9WbZaF4N8rxwVzPWbnQa,1HBbnNDB2iptPYmd6vMKNzpsFiPCXvLFFi,4,2023-07-14T16:04:57.072Z
883,theaneyam,Tann,Heaney,theaneyam@ftc.gov,1928-02-03,$2a$10$88lcjd3vUiq726FP/CQ4bulKQrTcFZvtI9WbZaF4N8rxwVzPWbnQa,13gXKBdMWJYBuBvkkFmYWgPJv6Y9f84G1i,4,2023-07-14T16:04:57.072Z
884,jwaplingtonan,Jaine,Waplington,jwaplingtonan@clickbank.net,1952-05-27,$2a$10$88lcjd3vUiq726FP/CQ4bulKQrTcFZvtI9WbZaF4N8rxwVzPWbnQa,13bzff86eahM5qrKd2tcYDuoaPidCna8Sc,4,2023-07-14T16:04:57.072Z
885,kdahillao,Kelli,Dahill,kdahillao@phpbb.com,1956-03-31,$2a$10$88lcjd3vUiq726FP/CQ4bulKQrTcFZvtI9WbZaF4N8rxwVzPWbnQa,1HqePJ2a1busRcaQpVPpFiY4seiVhTaoVA,4,2023-07-14T16:04:57.072Z
886,mlockap,Muire,Lock,mlockap@ftc.gov,1964-11-30,$2a$10$88lcjd3vUiq726FP/CQ4bulKQrTcFZvtI9WbZaF4N8rxwVzPWbnQa,1L6Y7M8fDNovZkKESpjEhR4yKaVj52JroF,4,2023-07-14T16:04:57.072Z
887,ssaichaq,Shawnee,Saich,ssaichaq@xing.com,2000-12-05,$2a$10$88lcjd3vUiq726FP/CQ4bulKQrTcFZvtI9WbZaF4N8rxwVzPWbnQa,1471SH9tK2XPV7D6GxXygbWwwHkPGQCieX,4,2023-07-14T16:04:57.072Z
888,flegricear,Farand,Le Grice,flegricear@craigslist.org,1936-01-25,$2a$10$88lcjd3vUiq726FP/CQ4bulKQrTcFZvtI9WbZaF4N8rxwVzPWbnQa,13Y4oMA8EKbskPRXx6LYpUkqEM57arFxHv,4,2023-07-14T16:04:57.072Z
889,scrowchas,Skipton,Crowch,scrowchas@blogspot.com,1984-06-30,$2a$10$88lcjd3vUiq726FP/CQ4bulKQrTcFZvtI9WbZaF4N8rxwVzPWbnQa,18bvip58hjzwURiZrPsgDqDhFitxzGRUnu,4,2023-07-14T16:04:57.072Z
890,bclowneyat,Berni,Clowney,bclowneyat@wikipedia.org,1969-05-16,$2a$10$88lcjd3vUiq726FP/CQ4bulKQrTcFZvtI9WbZaF4N8rxwVzPWbnQa,13uvPCEX1AUd8DQdc7yCfhzCs3cAZnPPZL,4,2023-07-14T16:04:57.072Z
891,pdecarolisau,Perri,De Carolis,pdecarolisau@wsj.com,1969-08-06,$2a$10$88lcjd3vUiq726FP/CQ4bulKQrTcFZvtI9WbZaF4N8rxwVzPWbnQa,1FMvnrKjcEk4yHu3wSJ7bWx1MSvGBcDGTS,4,2023-07-14T16:04:57.072Z
892,rodriscollav,Remy,O' Driscoll,rodriscollav@berkeley.edu,1988-10-03,$2a$10$88lcjd3vUiq726FP/CQ4bulKQrTcFZvtI9WbZaF4N8rxwVzPWbnQa,1B6XTFjRDbawFfNSuYKbyTdBHu4CvsitqX,4,2023-07-14T16:04:57.072Z
893,bwankaaw,Brita,Wanka,bwankaaw@trellian.com,1927-07-31,$2a$10$88lcjd3vUiq726FP/CQ4bulKQrTcFZvtI9WbZaF4N8rxwVzPWbnQa,1L32KRyXNWHaCZT8Cu4qatfDPLSsFQmqDJ,4,2023-07-14T16:04:57.072Z
894,hosipenkoax,Heindrick,Osipenko,hosipenkoax@networkadvertising.org,1996-02-18,$2a$10$88lcjd3vUiq726FP/CQ4bulKQrTcFZvtI9WbZaF4N8rxwVzPWbnQa,1GNzCkF2bABQFKHWYftg8u6qJ4D73PFYoS,4,2023-07-14T16:04:57.072Z
895,bbousquetay,Bonnee,Bousquet,bbousquetay@howstuffworks.com,1931-07-05,$2a$10$88lcjd3vUiq726FP/CQ4bulKQrTcFZvtI9WbZaF4N8rxwVzPWbnQa,1PxC2n6dwv6hEhVKpjcwjNQbL8fW72oV8T,4,2023-07-14T16:04:57.072Z
896,mscintsburyaz,Martguerita,Scintsbury,mscintsburyaz@sina.com.cn,1926-06-17,$2a$10$88lcjd3vUiq726FP/CQ4bulKQrTcFZvtI9WbZaF4N8rxwVzPWbnQa,1Gf5mwwkFMEYQ7NRmva8rBtSfR8ckAuhAJ,4,2023-07-14T16:04:57.072Z
897,bmarrillb0,Ber,Marrill,bmarrillb0@vk.com,1945-05-28,$2a$10$88lcjd3vUiq726FP/CQ4bulKQrTcFZvtI9WbZaF4N8rxwVzPWbnQa,14rmbH4kG9uJXoJm2YLv8jMSQJR4V6npaZ,4,2023-07-14T16:04:57.072Z
898,lhalladeyb1,Lainey,Halladey,lhalladeyb1@walmart.com,1951-05-20,$2a$10$88lcjd3vUiq726FP/CQ4bulKQrTcFZvtI9WbZaF4N8rxwVzPWbnQa,17HYbtEco8D93HYRK8ZVN2ijD7dLTCDvM8,4,2023-07-14T16:04:57.072Z
899,cbussonb2,Clio,Busson,cbussonb2@ted.com,1972-03-24,$2a$10$88lcjd3vUiq726FP/CQ4bulKQrTcFZvtI9WbZaF4N8rxwVzPWbnQa,1ud48ge6KMnhEwLwZEPjDFUskDcL9J9RE,4,2023-07-14T16:04:57.072Z
900,gfistb3,Garey,Fist,gfistb3@weather.com,1926-03-28,$2a$10$88lcjd3vUiq726FP/CQ4bulKQrTcFZvtI9WbZaF4N8rxwVzPWbnQa,1Kerk9GSPejTf3ShkRzWxQtmjmakzW7gpr,4,2023-07-14T16:04:57.072Z
901,cbarkessb4,Coral,Barkess,cbarkessb4@joomla.org,1977-11-26,$2a$10$88lcjd3vUiq726FP/CQ4bulKQrTcFZvtI9WbZaF4N8rxwVzPWbnQa,1NtR8NWmfRKh5vUvJ62iHUjtv9nx7vJCk2,4,2023-07-14T16:04:57.072Z
902,ghayleyb5,Gearard,Hayley,ghayleyb5@zdnet.com,1960-04-26,$2a$10$88lcjd3vUiq726FP/CQ4bulKQrTcFZvtI9WbZaF4N8rxwVzPWbnQa,1APVLRMC5x5U5bA5vNQPMkcP4uiRK72GVH,4,2023-07-14T16:04:57.072Z
903,cpollastrinob6,Cris,Pollastrino,cpollastrinob6@ask.com,1930-06-26,$2a$10$88lcjd3vUiq726FP/CQ4bulKQrTcFZvtI9WbZaF4N8rxwVzPWbnQa,15ouY2BegUV3mg4Bpod6ozGuA2CmqzW1bB,4,2023-07-14T16:04:57.072Z
904,adisneyb7,Arlinda,Disney,adisneyb7@canalblog.com,1993-07-25,$2a$10$88lcjd3vUiq726FP/CQ4bulKQrTcFZvtI9WbZaF4N8rxwVzPWbnQa,12EcRH6UPvXpusjvtePaDwEUo6SJpBBCdM,4,2023-07-14T16:04:57.072Z
905,cstubbleyb8,Chris,Stubbley,cstubbleyb8@i2i.jp,1988-04-19,$2a$10$88lcjd3vUiq726FP/CQ4bulKQrTcFZvtI9WbZaF4N8rxwVzPWbnQa,1FCWGHH7hQTdQ1Qpu6AVuQWwjbuy2qWTa9,4,2023-07-14T16:04:57.072Z
906,wbegginib9,Winfield,Beggini,wbegginib9@seattletimes.com,1982-12-07,$2a$10$88lcjd3vUiq726FP/CQ4bulKQrTcFZvtI9WbZaF4N8rxwVzPWbnQa,1CKdSPJey4usNpTJ28SThhf8XAgZjTwKdc,4,2023-07-14T16:04:57.072Z
907,kedlandba,Kailey,Edland,kedlandba@nydailynews.com,1925-04-21,$2a$10$88lcjd3vUiq726FP/CQ4bulKQrTcFZvtI9WbZaF4N8rxwVzPWbnQa,1Q5JxZSY3BDEJBXZDWn28zay7UuDFAbERR,4,2023-07-14T16:04:57.072Z
908,staksbb,Sarge,Taks,staksbb@buzzfeed.com,1946-07-14,$2a$10$88lcjd3vUiq726FP/CQ4bulKQrTcFZvtI9WbZaF4N8rxwVzPWbnQa,13K4RxKwUiSqQ1oHtBJmSevyLKYqQAkvJ1,4,2023-07-14T16:04:57.072Z
909,kmcbaybc,Kincaid,McBay,kmcbaybc@marketwatch.com,2004-02-04,$2a$10$88lcjd3vUiq726FP/CQ4bulKQrTcFZvtI9WbZaF4N8rxwVzPWbnQa,19HLjdJ2ie745oqsyHPsbDurUrcyDTJzmt,4,2023-07-14T16:04:57.072Z
910,ucallisterbd,Ursuline,Callister,ucallisterbd@ustream.tv,1961-07-21,$2a$10$88lcjd3vUiq726FP/CQ4bulKQrTcFZvtI9WbZaF4N8rxwVzPWbnQa,18VnWRVRuwYAvxmgrswBKWMxgQuSpKJPjw,4,2023-07-14T16:04:57.072Z
911,pgerholzbe,Phelia,Gerholz,pgerholzbe@gravatar.com,1935-06-09,$2a$10$88lcjd3vUiq726FP/CQ4bulKQrTcFZvtI9WbZaF4N8rxwVzPWbnQa,123PKMWQG1yreUX7W2TXjtfWut1gLecbsc,4,2023-07-14T16:04:57.072Z
912,mnicolbf,Micheal,Nicol,mnicolbf@google.com.hk,1968-10-12,$2a$10$88lcjd3vUiq726FP/CQ4bulKQrTcFZvtI9WbZaF4N8rxwVzPWbnQa,1GddWDWg3He2o8J9niVVfjvs8iZszVSBnT,4,2023-07-14T16:04:57.072Z
913,bgalvinbg,Brockie,Galvin,bgalvinbg@techcrunch.com,1954-09-27,$2a$10$88lcjd3vUiq726FP/CQ4bulKQrTcFZvtI9WbZaF4N8rxwVzPWbnQa,142NxSAcKQ6M6PG6AHnQiZd4tC3wfPh7Bk,4,2023-07-14T16:04:57.072Z
914,dlockneybh,Dorree,Lockney,dlockneybh@parallels.com,1928-09-10,$2a$10$88lcjd3vUiq726FP/CQ4bulKQrTcFZvtI9WbZaF4N8rxwVzPWbnQa,1L5nbMZuVrGkassc4Hxt7CuU5tuvrgVAKR,4,2023-07-14T16:04:57.072Z
915,nshoppeebi,Niles,Shoppee,nshoppeebi@newyorker.com,1982-09-12,$2a$10$88lcjd3vUiq726FP/CQ4bulKQrTcFZvtI9WbZaF4N8rxwVzPWbnQa,1JKscZVFqLPzEEd1RcECkoFo3nkPdcn97E,4,2023-07-14T16:04:57.072Z
916,tmcmechanbj,Titos,Mc Mechan,tmcmechanbj@yellowbook.com,1989-08-16,$2a$10$88lcjd3vUiq726FP/CQ4bulKQrTcFZvtI9WbZaF4N8rxwVzPWbnQa,1aZhCCohokdyyPrSzcHBc2RSugPufpR7i,4,2023-07-14T16:04:57.072Z
917,ayakushkevbk,Annalise,Yakushkev,ayakushkevbk@blog.com,1978-04-29,$2a$10$88lcjd3vUiq726FP/CQ4bulKQrTcFZvtI9WbZaF4N8rxwVzPWbnQa,1HtwX3Rxpk7ZDAom71ogYh3n5Zzsg8Fpvq,4,2023-07-14T16:04:57.072Z
918,bfindleybl,Bev,Findley,bfindleybl@yandex.ru,1967-02-24,$2a$10$88lcjd3vUiq726FP/CQ4bulKQrTcFZvtI9WbZaF4N8rxwVzPWbnQa,17hSgVoyVD1qFBEzueAruDUPa7KiwZFHba,4,2023-07-14T16:04:57.072Z
919,rtrevascusbm,Rosetta,Trevascus,rtrevascusbm@ehow.com,1976-02-15,$2a$10$88lcjd3vUiq726FP/CQ4bulKQrTcFZvtI9WbZaF4N8rxwVzPWbnQa,1NaFdtbHNUpJhWQFNMKXTXpgCdC6ASzFfC,4,2023-07-14T16:04:57.072Z
920,rflawithbn,Raimund,Flawith,rflawithbn@taobao.com,1926-07-03,$2a$10$88lcjd3vUiq726FP/CQ4bulKQrTcFZvtI9WbZaF4N8rxwVzPWbnQa,14DRWC5tKYW6ztQ2jNQ9ykPEiRVAXLyzJV,4,2023-07-14T16:04:57.072Z
921,lcalytonbo,Lelia,Calyton,lcalytonbo@gov.uk,1929-09-07,$2a$10$88lcjd3vUiq726FP/CQ4bulKQrTcFZvtI9WbZaF4N8rxwVzPWbnQa,1MagjyNWpLU1iSimJJHdt7Wk2yw232QEuo,4,2023-07-14T16:04:57.072Z
922,jabbyssbp,Jarret,Abbyss,jabbyssbp@hatena.ne.jp,1967-06-02,$2a$10$88lcjd3vUiq726FP/CQ4bulKQrTcFZvtI9WbZaF4N8rxwVzPWbnQa,1NBZeaK8A1dZcUDTBZbcUpWyAGEQ9MS3be,4,2023-07-14T16:04:57.072Z
923,bmackessockbq,Benni,MacKessock,bmackessockbq@oracle.com,1928-06-19,$2a$10$88lcjd3vUiq726FP/CQ4bulKQrTcFZvtI9WbZaF4N8rxwVzPWbnQa,1EZpwWAtFwKMTQGdT8gpFrxemmBEGMAZ9J,4,2023-07-14T16:04:57.072Z
924,tlewinsbr,Teodor,Lewins,tlewinsbr@buzzfeed.com,1951-06-19,$2a$10$88lcjd3vUiq726FP/CQ4bulKQrTcFZvtI9WbZaF4N8rxwVzPWbnQa,1Pczi1FZ7GWrPh2EiEJAxjEzhAosN88g6Q,4,2023-07-14T16:04:57.072Z
925,dclayfieldbs,Dorothea,Clayfield,dclayfieldbs@jiathis.com,1926-01-13,$2a$10$88lcjd3vUiq726FP/CQ4bulKQrTcFZvtI9WbZaF4N8rxwVzPWbnQa,1FZ7XhqSCBea7sDaW67wwAvUix837G6Ufp,4,2023-07-14T16:04:57.072Z
926,kadanezbt,Katy,Adanez,kadanezbt@dropbox.com,1968-11-06,$2a$10$88lcjd3vUiq726FP/CQ4bulKQrTcFZvtI9WbZaF4N8rxwVzPWbnQa,16w7e4WQjvgUKHTxn3cM5ZpnR1XpJSz5Zf,4,2023-07-14T16:04:57.072Z
927,tbratleybu,Tessy,Bratley,tbratleybu@ftc.gov,2000-06-01,$2a$10$88lcjd3vUiq726FP/CQ4bulKQrTcFZvtI9WbZaF4N8rxwVzPWbnQa,1KD415jzpmh5PhXnwvssze9e6kRQwiWgen,4,2023-07-14T16:04:57.072Z
928,cperrenbv,Camilla,Perren,cperrenbv@jimdo.com,1969-04-20,$2a$10$88lcjd3vUiq726FP/CQ4bulKQrTcFZvtI9WbZaF4N8rxwVzPWbnQa,1LbfeyqrTjKW71qEJ2f2wiqXFGeqZLnTaY,4,2023-07-14T16:04:57.072Z
929,ldeschellebw,Lammond,Deschelle,ldeschellebw@blogspot.com,1996-09-11,$2a$10$88lcjd3vUiq726FP/CQ4bulKQrTcFZvtI9WbZaF4N8rxwVzPWbnQa,14ukyB48YsHwc6B3dFfrdAK5Dxr6KJKc94,4,2023-07-14T16:04:57.072Z
930,mlyebx,Manya,Lye,mlyebx@apache.org,1996-12-25,$2a$10$88lcjd3vUiq726FP/CQ4bulKQrTcFZvtI9WbZaF4N8rxwVzPWbnQa,151u6D3EvTJfvTn9zd5LCzemM7Hib5bYh1,4,2023-07-14T16:04:57.072Z
931,dblackslandby,Dorisa,Blacksland,dblackslandby@dmoz.org,1971-07-13,$2a$10$88lcjd3vUiq726FP/CQ4bulKQrTcFZvtI9WbZaF4N8rxwVzPWbnQa,16G4u41YyeE93Qj52mjWQeBt2HrvmNdnDU,4,2023-07-14T16:04:57.072Z
932,avliesbz,Alaster,Vlies,avliesbz@prnewswire.com,1933-08-18,$2a$10$88lcjd3vUiq726FP/CQ4bulKQrTcFZvtI9WbZaF4N8rxwVzPWbnQa,15zR4KNNXDqVRpBTXHJgiCCKJ1XBTfKhhu,4,2023-07-14T16:04:57.072Z
933,ehogsdenc0,Ernest,Hogsden,ehogsdenc0@symantec.com,1944-05-10,$2a$10$88lcjd3vUiq726FP/CQ4bulKQrTcFZvtI9WbZaF4N8rxwVzPWbnQa,1MaQydY9McoWZiV5LBCbxy5KCF86LfxHcc,4,2023-07-14T16:04:57.072Z
934,sendec1,Sollie,Ende,sendec1@mediafire.com,1942-06-12,$2a$10$88lcjd3vUiq726FP/CQ4bulKQrTcFZvtI9WbZaF4N8rxwVzPWbnQa,16MJXNRJHzTzMa4h49MNDpqq2jhshK9ahc,4,2023-07-14T16:04:57.072Z
935,awelbeckc2,Antin,Welbeck,awelbeckc2@marriott.com,1947-10-16,$2a$10$88lcjd3vUiq726FP/CQ4bulKQrTcFZvtI9WbZaF4N8rxwVzPWbnQa,17YcZiTcaRHT7ZDB5xac2d82cZAoARaQim,4,2023-07-14T16:04:57.072Z
936,asertinc3,Amil,Sertin,asertinc3@irs.gov,2003-06-01,$2a$10$88lcjd3vUiq726FP/CQ4bulKQrTcFZvtI9WbZaF4N8rxwVzPWbnQa,1EmHKq9dmPzTbynRfhYS9rCHuyEVbsevzs,4,2023-07-14T16:04:57.072Z
937,carneyc4,Cassandre,Arney,carneyc4@cocolog-nifty.com,1965-08-11,$2a$10$88lcjd3vUiq726FP/CQ4bulKQrTcFZvtI9WbZaF4N8rxwVzPWbnQa,1LQFp7YUbxx3r3GPQRJgPwcsEhYsGrA78k,4,2023-07-14T16:04:57.072Z
938,aboschec5,Annabela,Bosche,aboschec5@phpbb.com,1949-12-12,$2a$10$88lcjd3vUiq726FP/CQ4bulKQrTcFZvtI9WbZaF4N8rxwVzPWbnQa,1KshNURky53vkNth3h8QvJjJTspsYQCp4i,4,2023-07-14T16:04:57.072Z
939,ajellisc6,Adrien,Jellis,ajellisc6@wunderground.com,1979-07-03,$2a$10$88lcjd3vUiq726FP/CQ4bulKQrTcFZvtI9WbZaF4N8rxwVzPWbnQa,17SbcwZPztBjAC3ubSE6unBX95SMxrMBy5,4,2023-07-14T16:04:57.072Z
940,egawkrogec7,Erna,Gawkroge,egawkrogec7@time.com,1943-06-27,$2a$10$88lcjd3vUiq726FP/CQ4bulKQrTcFZvtI9WbZaF4N8rxwVzPWbnQa,1EhNeWYKZSTn9FyYUz521oNtc4ZXQQgUE1,4,2023-07-14T16:04:57.072Z
941,dlyvonc8,Donella,Lyvon,dlyvonc8@sfgate.com,1965-05-10,$2a$10$88lcjd3vUiq726FP/CQ4bulKQrTcFZvtI9WbZaF4N8rxwVzPWbnQa,1Jvy6YNByZtGDBHQ4U6u62f6mLPkdt2ARn,4,2023-07-14T16:04:57.072Z
942,jlavinc9,Jarrad,Lavin,jlavinc9@answers.com,1989-02-16,$2a$10$88lcjd3vUiq726FP/CQ4bulKQrTcFZvtI9WbZaF4N8rxwVzPWbnQa,1ACJ8BEKUHeA3PcdHYBhLnqRazHQ6HLd8X,4,2023-07-14T16:04:57.072Z
943,bschonfelderca,Berri,Schonfelder,bschonfelderca@google.de,1998-04-05,$2a$10$88lcjd3vUiq726FP/CQ4bulKQrTcFZvtI9WbZaF4N8rxwVzPWbnQa,1HkCucbHEoebc2kdqvfJxHp6uZ7uwcrXUH,4,2023-07-14T16:04:57.072Z
944,tbridgestockcb,Tiffie,Bridgestock,tbridgestockcb@baidu.com,1981-05-14,$2a$10$88lcjd3vUiq726FP/CQ4bulKQrTcFZvtI9WbZaF4N8rxwVzPWbnQa,1BuLZqFcZcA9pBsdtH9FseKCDA6dSTFVC6,4,2023-07-14T16:04:57.072Z
945,fdroogancc,Frederigo,Droogan,fdroogancc@statcounter.com,1994-06-14,$2a$10$88lcjd3vUiq726FP/CQ4bulKQrTcFZvtI9WbZaF4N8rxwVzPWbnQa,12vKdWhviNjuFgoXXRsie1gzAYMhy33vZT,4,2023-07-14T16:04:57.072Z
946,lchiesecd,Ly,Chiese,lchiesecd@google.com,1958-06-14,$2a$10$88lcjd3vUiq726FP/CQ4bulKQrTcFZvtI9WbZaF4N8rxwVzPWbnQa,127fR3jSB5zMwMmVZtxR1x4TqNP8vwixva,4,2023-07-14T16:04:57.072Z
947,mstammirsce,Marian,Stammirs,mstammirsce@discovery.com,1968-02-20,$2a$10$88lcjd3vUiq726FP/CQ4bulKQrTcFZvtI9WbZaF4N8rxwVzPWbnQa,1Q6toRUPKnT97gbDgG6tvmGT44e4tkxi9s,4,2023-07-14T16:04:57.072Z
948,awoofcf,Aeriel,Woof,awoofcf@foxnews.com,1978-10-24,$2a$10$88lcjd3vUiq726FP/CQ4bulKQrTcFZvtI9WbZaF4N8rxwVzPWbnQa,1gnEZ3N1GPjrZxugr6B7XmwDacuaxJasa,4,2023-07-14T16:04:57.072Z
949,shannantcg,Shanna,Hannant,shannantcg@icq.com,1986-08-24,$2a$10$88lcjd3vUiq726FP/CQ4bulKQrTcFZvtI9WbZaF4N8rxwVzPWbnQa,13wpAMeCBqGxmEvcRedm92bKcYaxETXugv,4,2023-07-14T16:04:57.072Z
950,mfieldsendch,Marlane,Fieldsend,mfieldsendch@trellian.com,1944-04-28,$2a$10$88lcjd3vUiq726FP/CQ4bulKQrTcFZvtI9WbZaF4N8rxwVzPWbnQa,1JLaUk9wJfYAitnMRL7LNQ1PttNJoPgsAZ,4,2023-07-14T16:04:57.072Z
951,cthawci,Candida,Thaw,cthawci@feedburner.com,1988-08-10,$2a$10$88lcjd3vUiq726FP/CQ4bulKQrTcFZvtI9WbZaF4N8rxwVzPWbnQa,18SmaJqR6Muwn6ZpE8Eiqs6qXevCSvNxjU,4,2023-07-14T16:04:57.072Z
952,hcamellicj,Hollyanne,Camelli,hcamellicj@spiegel.de,2001-11-14,$2a$10$88lcjd3vUiq726FP/CQ4bulKQrTcFZvtI9WbZaF4N8rxwVzPWbnQa,1BgUEhkejnhmJwrv3fXtvgmkzhqffLMbg9,4,2023-07-14T16:04:57.072Z
953,hbanisterck,Hartwell,Banister,hbanisterck@ucsd.edu,1933-05-24,$2a$10$88lcjd3vUiq726FP/CQ4bulKQrTcFZvtI9WbZaF4N8rxwVzPWbnQa,157dEoXqC88NzseQcxciV5hxJMbJBW56NW,4,2023-07-14T16:04:57.072Z
954,smawercl,Sherry,Mawer,smawercl@wikispaces.com,1997-07-19,$2a$10$88lcjd3vUiq726FP/CQ4bulKQrTcFZvtI9WbZaF4N8rxwVzPWbnQa,13P2ZZdmQ2hZvocCx6iXbyAdesjn2natuo,4,2023-07-14T16:04:57.072Z
955,vfentycm,Vinson,Fenty,vfentycm@mail.ru,1957-12-29,$2a$10$88lcjd3vUiq726FP/CQ4bulKQrTcFZvtI9WbZaF4N8rxwVzPWbnQa,1KqjcMNEQDAm3eeHc8A5i7Norx7qScrNZs,4,2023-07-14T16:04:57.072Z
956,sberggrencn,Scottie,Berggren,sberggrencn@nytimes.com,1992-08-31,$2a$10$88lcjd3vUiq726FP/CQ4bulKQrTcFZvtI9WbZaF4N8rxwVzPWbnQa,12366uY7bLveRZEs6Aieewes3XEeDw7RD6,4,2023-07-14T16:04:57.072Z
957,jdevonsideco,Jozef,Devonside,jdevonsideco@auda.org.au,1956-12-13,$2a$10$88lcjd3vUiq726FP/CQ4bulKQrTcFZvtI9WbZaF4N8rxwVzPWbnQa,15yXJZ4QZobiCEPw759fX6GvHFk5rNM15D,4,2023-07-14T16:04:57.072Z
958,gbarnhamcp,Guillermo,Barnham,gbarnhamcp@cocolog-nifty.com,1947-02-13,$2a$10$88lcjd3vUiq726FP/CQ4bulKQrTcFZvtI9WbZaF4N8rxwVzPWbnQa,14p9eyobxGFPedpMGd47QLzxn6NxzRvtvG,4,2023-07-14T16:04:57.072Z
959,lthaimcq,Laina,Thaim,lthaimcq@techcrunch.com,1956-01-22,$2a$10$88lcjd3vUiq726FP/CQ4bulKQrTcFZvtI9WbZaF4N8rxwVzPWbnQa,1JRuzcRecCNrgn814Hy6S9DVu2vv4qccWF,4,2023-07-14T16:04:57.072Z
960,bbourdelcr,Beilul,Bourdel,bbourdelcr@loc.gov,1978-12-28,$2a$10$88lcjd3vUiq726FP/CQ4bulKQrTcFZvtI9WbZaF4N8rxwVzPWbnQa,1PY8jUxALquc8YxKP5vrY5RVdhEYLqfTv,4,2023-07-14T16:04:57.072Z
961,hjakubovicscs,Hermine,Jakubovics,hjakubovicscs@mediafire.com,1951-11-17,$2a$10$88lcjd3vUiq726FP/CQ4bulKQrTcFZvtI9WbZaF4N8rxwVzPWbnQa,1zU4dbs1yLxeJY96zSzYFvpCtjw255RYs,4,2023-07-14T16:04:57.072Z
962,cdriversct,Clare,Drivers,cdriversct@de.vu,1967-11-09,$2a$10$88lcjd3vUiq726FP/CQ4bulKQrTcFZvtI9WbZaF4N8rxwVzPWbnQa,12113nomUXJxCfD6nJM35PR5EFNJxwi7wU,4,2023-07-14T16:04:57.072Z
963,kvokescu,Karly,Vokes,kvokescu@boston.com,1996-11-18,$2a$10$88lcjd3vUiq726FP/CQ4bulKQrTcFZvtI9WbZaF4N8rxwVzPWbnQa,1AuyqpjfXgxZnCqJCipPn7MhDMih39ePbg,4,2023-07-14T16:04:57.072Z
964,cflecknoecv,Corrie,Flecknoe,cflecknoecv@ehow.com,2000-03-29,$2a$10$88lcjd3vUiq726FP/CQ4bulKQrTcFZvtI9WbZaF4N8rxwVzPWbnQa,1NCxvMpqr1AyCq99NZrHJvdFW3WDLr5gBZ,4,2023-07-14T16:04:57.072Z
965,astickneycw,Annalee,Stickney,astickneycw@prweb.com,1943-12-16,$2a$10$88lcjd3vUiq726FP/CQ4bulKQrTcFZvtI9WbZaF4N8rxwVzPWbnQa,1MSEFonEiHGfaJpEddhRRCBevb9Weg99Ai,4,2023-07-14T16:04:57.072Z
966,ljaggicx,Lissie,Jaggi,ljaggicx@domainmarket.com,1962-04-26,$2a$10$88lcjd3vUiq726FP/CQ4bulKQrTcFZvtI9WbZaF4N8rxwVzPWbnQa,1EKQXEw3fPaefqWYFyhEB76rN6ukVQopyt,4,2023-07-14T16:04:57.072Z
967,jlefeavercy,Josy,Le feaver,jlefeavercy@purevolume.com,1980-10-20,$2a$10$88lcjd3vUiq726FP/CQ4bulKQrTcFZvtI9WbZaF4N8rxwVzPWbnQa,138k3FvWS5EPTbF9uCJU4rNP9asRgeGxwz,4,2023-07-14T16:04:57.072Z
968,efriettcz,Ethan,Friett,efriettcz@jigsy.com,1936-07-14,$2a$10$88lcjd3vUiq726FP/CQ4bulKQrTcFZvtI9WbZaF4N8rxwVzPWbnQa,16JQEAhiVJhPvYsfJuegzj1SerCpxFzG6T,4,2023-07-14T16:04:57.072Z
969,bstonehamd0,Benedick,Stoneham,bstonehamd0@bloglines.com,1955-02-23,$2a$10$88lcjd3vUiq726FP/CQ4bulKQrTcFZvtI9WbZaF4N8rxwVzPWbnQa,1BNacsD9t3jmHEkY1TkuJuTSyYX1JTuUxn,4,2023-07-14T16:04:57.072Z
970,belcombed1,Braden,Elcombe,belcombed1@goo.ne.jp,1954-05-06,$2a$10$88lcjd3vUiq726FP/CQ4bulKQrTcFZvtI9WbZaF4N8rxwVzPWbnQa,1ALhZhNieMa3deePLdxrV2TM36eTVYZVvB,4,2023-07-14T16:04:57.072Z
971,lbatterd2,Leigh,Batter,lbatterd2@arstechnica.com,1987-04-23,$2a$10$88lcjd3vUiq726FP/CQ4bulKQrTcFZvtI9WbZaF4N8rxwVzPWbnQa,1DiZ6VzNgkhCnSC5sDTNJus5TwXkb4a6AR,4,2023-07-14T16:04:57.072Z
972,vkrysiakd3,Vernor,Krysiak,vkrysiakd3@senate.gov,1957-01-19,$2a$10$88lcjd3vUiq726FP/CQ4bulKQrTcFZvtI9WbZaF4N8rxwVzPWbnQa,1A1orFMTAVjjuS6pbhfCqYh1ewrSNrCYR5,4,2023-07-14T16:04:57.072Z
973,apiochd4,Aeriell,Pioch,apiochd4@prweb.com,1955-05-25,$2a$10$88lcjd3vUiq726FP/CQ4bulKQrTcFZvtI9WbZaF4N8rxwVzPWbnQa,1G2QHUjbTUWG4Tj2NnQ6J4u1tbhA6TLMRY,4,2023-07-14T16:04:57.072Z
974,bpridittd5,Beverlee,Priditt,bpridittd5@linkedin.com,1966-08-23,$2a$10$88lcjd3vUiq726FP/CQ4bulKQrTcFZvtI9WbZaF4N8rxwVzPWbnQa,14D9HW2vdoAy4cxVNULPgwc8Tga7Pg9qtK,4,2023-07-14T16:04:57.072Z
975,estainerd6,Elianore,Stainer,estainerd6@mtv.com,1936-01-10,$2a$10$88lcjd3vUiq726FP/CQ4bulKQrTcFZvtI9WbZaF4N8rxwVzPWbnQa,1G6LT4gSYwgWyi3osK714FMTfrWSqpguTU,4,2023-07-14T16:04:57.072Z
976,schansonnaud7,Sherwood,Chansonnau,schansonnaud7@wikia.com,1971-01-04,$2a$10$88lcjd3vUiq726FP/CQ4bulKQrTcFZvtI9WbZaF4N8rxwVzPWbnQa,18raGacDTJvQathAvGxAxpCt7j7oqzSgn1,4,2023-07-14T16:04:57.072Z
977,ggasticked8,Gilburt,Gasticke,ggasticked8@intel.com,1981-05-05,$2a$10$88lcjd3vUiq726FP/CQ4bulKQrTcFZvtI9WbZaF4N8rxwVzPWbnQa,1Q9ie2dDhYFJCrTRjKwt4ZkQW3wCgZyw9c,4,2023-07-14T16:04:57.072Z
978,kmapled9,Ketti,Maple,kmapled9@walmart.com,2000-12-28,$2a$10$88lcjd3vUiq726FP/CQ4bulKQrTcFZvtI9WbZaF4N8rxwVzPWbnQa,1H4FXFPtkVMmvmW1NJdmLSvZcka8SgMFeB,4,2023-07-14T16:04:57.072Z
979,zwestfieldda,Zared,Westfield,zwestfieldda@cdc.gov,1981-05-07,$2a$10$88lcjd3vUiq726FP/CQ4bulKQrTcFZvtI9WbZaF4N8rxwVzPWbnQa,1Gk1cgzG5TYsiZxZjosj9vVbNKwj1USVXJ,4,2023-07-14T16:04:57.072Z
980,callwooddb,Corrie,Allwood,callwooddb@bigcartel.com,1936-07-25,$2a$10$88lcjd3vUiq726FP/CQ4bulKQrTcFZvtI9WbZaF4N8rxwVzPWbnQa,1NG75TAmG28niDgFZfw43GxAHBVPMKUeas,4,2023-07-14T16:04:57.072Z
981,pgiraudodc,Patton,Giraudo,pgiraudodc@aboutads.info,1997-05-27,$2a$10$88lcjd3vUiq726FP/CQ4bulKQrTcFZvtI9WbZaF4N8rxwVzPWbnQa,18gEFMcMrA5zL9VyzqH2kojdNTnZSS4ZXi,4,2023-07-14T16:04:57.072Z
982,soddeydd,Simonette,Oddey,soddeydd@chicagotribune.com,1932-03-12,$2a$10$88lcjd3vUiq726FP/CQ4bulKQrTcFZvtI9WbZaF4N8rxwVzPWbnQa,1A6VBa33bCNhwueUzHtN2JMsBH5MHyfH66,4,2023-07-14T16:04:57.072Z
983,brobleyde,Brant,Robley,brobleyde@shinystat.com,1952-04-25,$2a$10$88lcjd3vUiq726FP/CQ4bulKQrTcFZvtI9WbZaF4N8rxwVzPWbnQa,1CGuYho6fnT9vSToRY2JWif2oN2S76KLJX,4,2023-07-14T16:04:57.072Z
984,abargedf,Ashleigh,Barge,abargedf@paginegialle.it,1953-08-31,$2a$10$88lcjd3vUiq726FP/CQ4bulKQrTcFZvtI9WbZaF4N8rxwVzPWbnQa,1Mnq1N342dzrVDM67nWNM6ZR2xJiidVrGN,4,2023-07-14T16:04:57.072Z
985,eslemmondsdg,Elissa,Slemmonds,eslemmondsdg@salon.com,1969-07-09,$2a$10$88lcjd3vUiq726FP/CQ4bulKQrTcFZvtI9WbZaF4N8rxwVzPWbnQa,1GVWtC6vJ2KCCtxJHsPWjyTBanqEQ35j23,4,2023-07-14T16:04:57.072Z
986,dfidgedh,Donia,Fidge,dfidgedh@miitbeian.gov.cn,1982-08-14,$2a$10$88lcjd3vUiq726FP/CQ4bulKQrTcFZvtI9WbZaF4N8rxwVzPWbnQa,1FBvbRoNvsPmbJfsypSF6u6X1BVyPZRtR9,4,2023-07-14T16:04:57.072Z
987,klunodi,Karena,Luno,klunodi@shop-pro.jp,1987-02-26,$2a$10$88lcjd3vUiq726FP/CQ4bulKQrTcFZvtI9WbZaF4N8rxwVzPWbnQa,186LXkhzP5mPzu3hz2URdhUTTP21X2XrVH,4,2023-07-14T16:04:57.072Z
988,bantoniazzidj,Bendicty,Antoniazzi,bantoniazzidj@youku.com,1940-10-30,$2a$10$88lcjd3vUiq726FP/CQ4bulKQrTcFZvtI9WbZaF4N8rxwVzPWbnQa,1KN8dTn2BGCBZN7zkLb3qjriLTUBXg3aVT,4,2023-07-14T16:04:57.072Z
989,ttunneydk,Taddeusz,Tunney,ttunneydk@digg.com,1963-11-05,$2a$10$88lcjd3vUiq726FP/CQ4bulKQrTcFZvtI9WbZaF4N8rxwVzPWbnQa,1PG4mZvLjWZZ8AELiujC1DfaYJusfFKPeX,4,2023-07-14T16:04:57.072Z
990,ibundeydl,Ingram,Bundey,ibundeydl@illinois.edu,1976-02-07,$2a$10$88lcjd3vUiq726FP/CQ4bulKQrTcFZvtI9WbZaF4N8rxwVzPWbnQa,1928ymBcwqyPpX1A2FWSH4jduCRt1AxMrd,4,2023-07-14T16:04:57.072Z
991,ztothacotdm,Zsa zsa,Tothacot,ztothacotdm@aboutads.info,1966-03-19,$2a$10$88lcjd3vUiq726FP/CQ4bulKQrTcFZvtI9WbZaF4N8rxwVzPWbnQa,1ktQ8bPicaVJAw3DQfSFipWEcRu2bL1UT,4,2023-07-14T16:04:57.072Z
992,byurukhindn,Brittany,Yurukhin,byurukhindn@is.gd,1981-07-11,$2a$10$88lcjd3vUiq726FP/CQ4bulKQrTcFZvtI9WbZaF4N8rxwVzPWbnQa,14JMhoyJ2nk4NnxZ4mNfNec2LpCtgDbUYM,4,2023-07-14T16:04:57.072Z
993,asemeradovado,Agnese,Semeradova,asemeradovado@chronoengine.com,1940-04-14,$2a$10$88lcjd3vUiq726FP/CQ4bulKQrTcFZvtI9WbZaF4N8rxwVzPWbnQa,1FcpVNDGceXsXHCZc6UE7VLpjd6DnQMeVG,4,2023-07-14T16:04:57.072Z
994,chenzerdp,Casper,Henzer,chenzerdp@state.tx.us,2001-11-14,$2a$10$88lcjd3vUiq726FP/CQ4bulKQrTcFZvtI9WbZaF4N8rxwVzPWbnQa,1A3xt8DqKwCTdsGonNYhVXdryiCHmLrcmX,4,2023-07-14T16:04:57.072Z
995,gwestmorelanddq,Gabriel,Westmoreland,gwestmorelanddq@google.it,1970-11-30,$2a$10$88lcjd3vUiq726FP/CQ4bulKQrTcFZvtI9WbZaF4N8rxwVzPWbnQa,1ARhSwWmwyRGJr3KwRcjMT4MQfGCoDYkSb,4,2023-07-14T16:04:57.072Z
996,sfransmandr,Sapphira,Fransman,sfransmandr@redcross.org,1978-06-30,$2a$10$88lcjd3vUiq726FP/CQ4bulKQrTcFZvtI9WbZaF4N8rxwVzPWbnQa,1HhnnRh3aHwg5qKiKS6fkAEub9HMLAsZ59,4,2023-07-14T16:04:57.072Z
997,dedyds,Dianne,Edy,dedyds@howstuffworks.com,1930-04-06,$2a$10$88lcjd3vUiq726FP/CQ4bulKQrTcFZvtI9WbZaF4N8rxwVzPWbnQa,1JbdourFCz7neZQ4RtMZYmj2JT3kAtcT1a,4,2023-07-14T16:04:57.072Z
998,acollopdt,Aubrey,Collop,acollopdt@biglobe.ne.jp,1989-10-08,$2a$10$88lcjd3vUiq726FP/CQ4bulKQrTcFZvtI9WbZaF4N8rxwVzPWbnQa,1BtX4zsHEzNzJNYh7TwYDrMnZms2JpLYQh,4,2023-07-14T16:04:57.072Z
999,gfirpodu,Gualterio,Firpo,gfirpodu@a8.net,1965-06-29,$2a$10$88lcjd3vUiq726FP/CQ4bulKQrTcFZvtI9WbZaF4N8rxwVzPWbnQa,13oE9FX2FXSKReFVvmxFNAErZRbpLkqv8S,4,2023-07-14T16:04:57.072Z
1000,ihubbuckedv,Ivette,Hubbucke,ihubbuckedv@shareasale.com,1956-02-06,$2a$10$88lcjd3vUiq726FP/CQ4bulKQrTcFZvtI9WbZaF4N8rxwVzPWbnQa,12S9XQnxh3EndxYM5xZYyyzBixGmJ6URor,4,2023-07-14T16:04:57.072Z
